Any,Codi_Districte,Nom_Districte,Codi_Barri,Nom_Barri,Seccio_Censal,Mediana_Renda_€
2017,1,Ciutat Vella,1,el Raval,1,13650
2017,1,Ciutat Vella,1,el Raval,2,9450
2017,1,Ciutat Vella,1,el Raval,3,10150
2017,1,Ciutat Vella,1,el Raval,4,12250
2017,1,Ciutat Vella,1,el Raval,5,10150
2017,1,Ciutat Vella,1,el Raval,6,10150
2017,1,Ciutat Vella,1,el Raval,7,10150
2017,1,Ciutat Vella,1,el Raval,8,9450
2017,1,Ciutat Vella,1,el Raval,9,10150
2017,1,Ciutat Vella,1,el Raval,10,10150
2017,1,Ciutat Vella,1,el Raval,11,9450
2017,1,Ciutat Vella,1,el Raval,12,11550
2017,1,Ciutat Vella,1,el Raval,13,12950
2017,1,Ciutat Vella,1,el Raval,14,12950
2017,1,Ciutat Vella,1,el Raval,15,10850
2017,1,Ciutat Vella,1,el Raval,16,11550
2017,1,Ciutat Vella,1,el Raval,17,12250
2017,1,Ciutat Vella,1,el Raval,18,11550
2017,1,Ciutat Vella,1,el Raval,19,10850
2017,1,Ciutat Vella,1,el Raval,20,16450
2017,1,Ciutat Vella,1,el Raval,21,14350
2017,1,Ciutat Vella,2,el Barri Gòtic,22,17850
2017,1,Ciutat Vella,2,el Barri Gòtic,23,15750
2017,1,Ciutat Vella,2,el Barri Gòtic,25,14350
2017,1,Ciutat Vella,2,el Barri Gòtic,26,12600
2017,1,Ciutat Vella,2,el Barri Gòtic,27,13650
2017,1,Ciutat Vella,2,el Barri Gòtic,28,14350
2017,1,Ciutat Vella,2,el Barri Gòtic,29,12950
2017,1,Ciutat Vella,2,el Barri Gòtic,30,12250
2017,1,Ciutat Vella,2,el Barri Gòtic,31,11550
2017,1,Ciutat Vella,3,la Barceloneta,32,16450
2017,1,Ciutat Vella,3,la Barceloneta,33,14350
2017,1,Ciutat Vella,3,la Barceloneta,34,12950
2017,1,Ciutat Vella,3,la Barceloneta,35,13650
2017,1,Ciutat Vella,3,la Barceloneta,36,14350
2017,1,Ciutat Vella,3,la Barceloneta,37,15050
2017,1,Ciutat Vella,3,la Barceloneta,38,14350
2017,1,Ciutat Vella,3,la Barceloneta,39,15050
2017,1,Ciutat Vella,3,la Barceloneta,40,14350
2017,1,Ciutat Vella,3,la Barceloneta,41,12950
2017,1,Ciutat Vella,3,la Barceloneta,42,15050
2017,1,Ciutat Vella,4,"Sant Pere, Santa Caterina i la Ribera",43,19250
2017,1,Ciutat Vella,4,"Sant Pere, Santa Caterina i la Ribera",44,15750
2017,1,Ciutat Vella,4,"Sant Pere, Santa Caterina i la Ribera",45,15050
2017,1,Ciutat Vella,4,"Sant Pere, Santa Caterina i la Ribera",46,13650
2017,1,Ciutat Vella,4,"Sant Pere, Santa Caterina i la Ribera",47,13650
2017,1,Ciutat Vella,4,"Sant Pere, Santa Caterina i la Ribera",48,12250
2017,1,Ciutat Vella,4,"Sant Pere, Santa Caterina i la Ribera",49,13650
2017,1,Ciutat Vella,4,"Sant Pere, Santa Caterina i la Ribera",50,14350
2017,1,Ciutat Vella,4,"Sant Pere, Santa Caterina i la Ribera",51,12250
2017,1,Ciutat Vella,4,"Sant Pere, Santa Caterina i la Ribera",52,17850
2017,1,Ciutat Vella,4,"Sant Pere, Santa Caterina i la Ribera",53,13650
2017,1,Ciutat Vella,4,"Sant Pere, Santa Caterina i la Ribera",54,14350
2017,1,Ciutat Vella,4,"Sant Pere, Santa Caterina i la Ribera",55,18550
2017,2,L'Eixample,5,el Fort Pienc,1,19950
2017,2,L'Eixample,5,el Fort Pienc,2,19950
2017,2,L'Eixample,5,el Fort Pienc,3,24150
2017,2,L'Eixample,5,el Fort Pienc,4,18550
2017,2,L'Eixample,5,el Fort Pienc,5,24150
2017,2,L'Eixample,5,el Fort Pienc,6,23450
2017,2,L'Eixample,5,el Fort Pienc,7,25550
2017,2,L'Eixample,5,el Fort Pienc,8,22750
2017,2,L'Eixample,5,el Fort Pienc,9,22050
2017,2,L'Eixample,5,el Fort Pienc,10,21350
2017,2,L'Eixample,5,el Fort Pienc,11,22050
2017,2,L'Eixample,5,el Fort Pienc,12,18550
2017,2,L'Eixample,5,el Fort Pienc,13,16450
2017,2,L'Eixample,5,el Fort Pienc,14,17150
2017,2,L'Eixample,5,el Fort Pienc,15,17150
2017,2,L'Eixample,5,el Fort Pienc,16,22750
2017,2,L'Eixample,5,el Fort Pienc,17,24150
2017,2,L'Eixample,5,el Fort Pienc,18,24850
2017,2,L'Eixample,5,el Fort Pienc,19,21350
2017,2,L'Eixample,5,el Fort Pienc,20,17850
2017,2,L'Eixample,6,la Sagrada Família,21,18550
2017,2,L'Eixample,6,la Sagrada Família,22,19250
2017,2,L'Eixample,6,la Sagrada Família,23,22050
2017,2,L'Eixample,6,la Sagrada Família,24,19250
2017,2,L'Eixample,6,la Sagrada Família,25,17850
2017,2,L'Eixample,6,la Sagrada Família,26,19950
2017,2,L'Eixample,6,la Sagrada Família,27,21350
2017,2,L'Eixample,6,la Sagrada Família,28,19950
2017,2,L'Eixample,6,la Sagrada Família,29,21350
2017,2,L'Eixample,6,la Sagrada Família,30,17150
2017,2,L'Eixample,6,la Sagrada Família,31,24850
2017,2,L'Eixample,6,la Sagrada Família,32,22050
2017,2,L'Eixample,6,la Sagrada Família,33,19950
2017,2,L'Eixample,6,la Sagrada Família,34,16450
2017,2,L'Eixample,6,la Sagrada Família,35,20650
2017,2,L'Eixample,6,la Sagrada Família,36,24150
2017,2,L'Eixample,6,la Sagrada Família,37,24150
2017,2,L'Eixample,6,la Sagrada Família,38,24150
2017,2,L'Eixample,6,la Sagrada Família,39,20650
2017,2,L'Eixample,6,la Sagrada Família,40,17850
2017,2,L'Eixample,6,la Sagrada Família,41,20650
2017,2,L'Eixample,6,la Sagrada Família,42,24850
2017,2,L'Eixample,6,la Sagrada Família,43,22050
2017,2,L'Eixample,6,la Sagrada Família,44,17150
2017,2,L'Eixample,6,la Sagrada Família,45,22050
2017,2,L'Eixample,6,la Sagrada Família,46,19250
2017,2,L'Eixample,6,la Sagrada Família,47,19950
2017,2,L'Eixample,6,la Sagrada Família,48,17850
2017,2,L'Eixample,6,la Sagrada Família,49,16450
2017,2,L'Eixample,6,la Sagrada Família,50,18550
2017,2,L'Eixample,6,la Sagrada Família,51,19250
2017,2,L'Eixample,6,la Sagrada Família,52,21350
2017,2,L'Eixample,6,la Sagrada Família,53,20300
2017,2,L'Eixample,6,la Sagrada Família,54,22050
2017,2,L'Eixample,7,la Dreta de l'Eixample,55,21350
2017,2,L'Eixample,7,la Dreta de l'Eixample,56,22050
2017,2,L'Eixample,7,la Dreta de l'Eixample,57,27650
2017,2,L'Eixample,7,la Dreta de l'Eixample,58,26250
2017,2,L'Eixample,7,la Dreta de l'Eixample,59,26250
2017,2,L'Eixample,7,la Dreta de l'Eixample,60,24850
2017,2,L'Eixample,7,la Dreta de l'Eixample,61,19950
2017,2,L'Eixample,7,la Dreta de l'Eixample,62,24850
2017,2,L'Eixample,7,la Dreta de l'Eixample,63,30100
2017,2,L'Eixample,7,la Dreta de l'Eixample,64,29050
2017,2,L'Eixample,7,la Dreta de l'Eixample,65,23450
2017,2,L'Eixample,7,la Dreta de l'Eixample,66,24150
2017,2,L'Eixample,7,la Dreta de l'Eixample,67,20650
2017,2,L'Eixample,7,la Dreta de l'Eixample,68,22050
2017,2,L'Eixample,7,la Dreta de l'Eixample,69,24850
2017,2,L'Eixample,7,la Dreta de l'Eixample,70,23450
2017,2,L'Eixample,7,la Dreta de l'Eixample,71,26250
2017,2,L'Eixample,7,la Dreta de l'Eixample,72,28350
2017,2,L'Eixample,7,la Dreta de l'Eixample,73,26950
2017,2,L'Eixample,7,la Dreta de l'Eixample,74,25550
2017,2,L'Eixample,7,la Dreta de l'Eixample,75,24150
2017,2,L'Eixample,7,la Dreta de l'Eixample,76,27650
2017,2,L'Eixample,7,la Dreta de l'Eixample,77,24500
2017,2,L'Eixample,7,la Dreta de l'Eixample,78,26950
2017,2,L'Eixample,7,la Dreta de l'Eixample,79,26950
2017,2,L'Eixample,7,la Dreta de l'Eixample,80,28350
2017,2,L'Eixample,7,la Dreta de l'Eixample,81,26950
2017,2,L'Eixample,7,la Dreta de l'Eixample,82,24850
2017,2,L'Eixample,7,la Dreta de l'Eixample,83,29050
2017,2,L'Eixample,8,l'Antiga Esquerra de l'Eixample,84,22750
2017,2,L'Eixample,8,l'Antiga Esquerra de l'Eixample,85,24150
2017,2,L'Eixample,8,l'Antiga Esquerra de l'Eixample,86,25550
2017,2,L'Eixample,8,l'Antiga Esquerra de l'Eixample,87,23450
2017,2,L'Eixample,8,l'Antiga Esquerra de l'Eixample,88,26250
2017,2,L'Eixample,8,l'Antiga Esquerra de l'Eixample,89,23450
2017,2,L'Eixample,8,l'Antiga Esquerra de l'Eixample,90,20650
2017,2,L'Eixample,8,l'Antiga Esquerra de l'Eixample,91,21000
2017,2,L'Eixample,8,l'Antiga Esquerra de l'Eixample,92,20650
2017,2,L'Eixample,8,l'Antiga Esquerra de l'Eixample,93,22750
2017,2,L'Eixample,8,l'Antiga Esquerra de l'Eixample,94,24850
2017,2,L'Eixample,8,l'Antiga Esquerra de l'Eixample,95,22750
2017,2,L'Eixample,8,l'Antiga Esquerra de l'Eixample,96,19950
2017,2,L'Eixample,8,l'Antiga Esquerra de l'Eixample,97,20650
2017,2,L'Eixample,8,l'Antiga Esquerra de l'Eixample,98,20650
2017,2,L'Eixample,8,l'Antiga Esquerra de l'Eixample,99,24850
2017,2,L'Eixample,8,l'Antiga Esquerra de l'Eixample,100,24150
2017,2,L'Eixample,8,l'Antiga Esquerra de l'Eixample,101,20650
2017,2,L'Eixample,8,l'Antiga Esquerra de l'Eixample,102,25550
2017,2,L'Eixample,8,l'Antiga Esquerra de l'Eixample,103,19950
2017,2,L'Eixample,8,l'Antiga Esquerra de l'Eixample,104,24850
2017,2,L'Eixample,8,l'Antiga Esquerra de l'Eixample,105,19950
2017,2,L'Eixample,8,l'Antiga Esquerra de l'Eixample,106,24850
2017,2,L'Eixample,8,l'Antiga Esquerra de l'Eixample,107,26950
2017,2,L'Eixample,8,l'Antiga Esquerra de l'Eixample,108,27650
2017,2,L'Eixample,8,l'Antiga Esquerra de l'Eixample,109,27650
2017,2,L'Eixample,9,la Nova Esquerra de l'Eixample,110,22750
2017,2,L'Eixample,9,la Nova Esquerra de l'Eixample,111,21350
2017,2,L'Eixample,9,la Nova Esquerra de l'Eixample,112,28350
2017,2,L'Eixample,9,la Nova Esquerra de l'Eixample,113,26250
2017,2,L'Eixample,9,la Nova Esquerra de l'Eixample,114,22050
2017,2,L'Eixample,9,la Nova Esquerra de l'Eixample,115,19250
2017,2,L'Eixample,9,la Nova Esquerra de l'Eixample,116,27650
2017,2,L'Eixample,9,la Nova Esquerra de l'Eixample,117,24150
2017,2,L'Eixample,9,la Nova Esquerra de l'Eixample,118,25550
2017,2,L'Eixample,9,la Nova Esquerra de l'Eixample,119,25550
2017,2,L'Eixample,9,la Nova Esquerra de l'Eixample,120,22050
2017,2,L'Eixample,9,la Nova Esquerra de l'Eixample,121,22750
2017,2,L'Eixample,9,la Nova Esquerra de l'Eixample,122,26950
2017,2,L'Eixample,9,la Nova Esquerra de l'Eixample,123,22050
2017,2,L'Eixample,9,la Nova Esquerra de l'Eixample,124,25550
2017,2,L'Eixample,9,la Nova Esquerra de l'Eixample,125,24150
2017,2,L'Eixample,9,la Nova Esquerra de l'Eixample,126,24850
2017,2,L'Eixample,9,la Nova Esquerra de l'Eixample,127,21350
2017,2,L'Eixample,9,la Nova Esquerra de l'Eixample,128,19250
2017,2,L'Eixample,9,la Nova Esquerra de l'Eixample,129,22050
2017,2,L'Eixample,9,la Nova Esquerra de l'Eixample,130,32550
2017,2,L'Eixample,9,la Nova Esquerra de l'Eixample,131,21350
2017,2,L'Eixample,9,la Nova Esquerra de l'Eixample,132,20650
2017,2,L'Eixample,9,la Nova Esquerra de l'Eixample,133,24850
2017,2,L'Eixample,9,la Nova Esquerra de l'Eixample,134,22050
2017,2,L'Eixample,9,la Nova Esquerra de l'Eixample,135,19250
2017,2,L'Eixample,9,la Nova Esquerra de l'Eixample,136,24150
2017,2,L'Eixample,9,la Nova Esquerra de l'Eixample,137,19250
2017,2,L'Eixample,9,la Nova Esquerra de l'Eixample,138,23450
2017,2,L'Eixample,9,la Nova Esquerra de l'Eixample,139,19250
2017,2,L'Eixample,9,la Nova Esquerra de l'Eixample,140,22750
2017,2,L'Eixample,9,la Nova Esquerra de l'Eixample,141,19950
2017,2,L'Eixample,9,la Nova Esquerra de l'Eixample,142,17850
2017,2,L'Eixample,9,la Nova Esquerra de l'Eixample,143,23450
2017,2,L'Eixample,9,la Nova Esquerra de l'Eixample,144,22750
2017,2,L'Eixample,9,la Nova Esquerra de l'Eixample,145,19250
2017,2,L'Eixample,9,la Nova Esquerra de l'Eixample,146,21350
2017,2,L'Eixample,9,la Nova Esquerra de l'Eixample,147,19950
2017,2,L'Eixample,9,la Nova Esquerra de l'Eixample,148,21350
2017,2,L'Eixample,9,la Nova Esquerra de l'Eixample,149,20650
2017,2,L'Eixample,10,Sant Antoni,150,18550
2017,2,L'Eixample,10,Sant Antoni,151,19250
2017,2,L'Eixample,10,Sant Antoni,152,24150
2017,2,L'Eixample,10,Sant Antoni,153,22050
2017,2,L'Eixample,10,Sant Antoni,154,15750
2017,2,L'Eixample,10,Sant Antoni,155,19250
2017,2,L'Eixample,10,Sant Antoni,156,19950
2017,2,L'Eixample,10,Sant Antoni,157,19250
2017,2,L'Eixample,10,Sant Antoni,158,21350
2017,2,L'Eixample,10,Sant Antoni,159,19950
2017,2,L'Eixample,10,Sant Antoni,160,22050
2017,2,L'Eixample,10,Sant Antoni,161,20650
2017,2,L'Eixample,10,Sant Antoni,162,17150
2017,2,L'Eixample,10,Sant Antoni,163,22050
2017,2,L'Eixample,10,Sant Antoni,164,19950
2017,2,L'Eixample,10,Sant Antoni,165,19250
2017,2,L'Eixample,10,Sant Antoni,166,18550
2017,2,L'Eixample,10,Sant Antoni,167,20650
2017,2,L'Eixample,10,Sant Antoni,168,19950
2017,2,L'Eixample,10,Sant Antoni,169,18550
2017,2,L'Eixample,10,Sant Antoni,170,19250
2017,2,L'Eixample,10,Sant Antoni,171,16450
2017,2,L'Eixample,10,Sant Antoni,172,18550
2017,2,L'Eixample,10,Sant Antoni,173,18550
2017,3,Sants-Montjuïc,11,el Poble Sec,1,17150
2017,3,Sants-Montjuïc,11,el Poble Sec,2,15050
2017,3,Sants-Montjuïc,11,el Poble Sec,3,12950
2017,3,Sants-Montjuïc,11,el Poble Sec,4,16450
2017,3,Sants-Montjuïc,11,el Poble Sec,5,15750
2017,3,Sants-Montjuïc,11,el Poble Sec,6,14350
2017,3,Sants-Montjuïc,11,el Poble Sec,7,15050
2017,3,Sants-Montjuïc,11,el Poble Sec,8,13300
2017,3,Sants-Montjuïc,11,el Poble Sec,9,16450
2017,3,Sants-Montjuïc,11,el Poble Sec,10,13650
2017,3,Sants-Montjuïc,11,el Poble Sec,11,11550
2017,3,Sants-Montjuïc,11,el Poble Sec,12,14350
2017,3,Sants-Montjuïc,11,el Poble Sec,13,13650
2017,3,Sants-Montjuïc,11,el Poble Sec,14,12950
2017,3,Sants-Montjuïc,11,el Poble Sec,15,13650
2017,3,Sants-Montjuïc,11,el Poble Sec,16,13650
2017,3,Sants-Montjuïc,11,el Poble Sec,17,12950
2017,3,Sants-Montjuïc,11,el Poble Sec,18,14350
2017,3,Sants-Montjuïc,11,el Poble Sec,19,14350
2017,3,Sants-Montjuïc,11,el Poble Sec,20,18550
2017,3,Sants-Montjuïc,11,el Poble Sec,21,17850
2017,3,Sants-Montjuïc,11,el Poble Sec,22,16450
2017,3,Sants-Montjuïc,11,el Poble Sec,23,15050
2017,3,Sants-Montjuïc,11,el Poble Sec,24,15750
2017,3,Sants-Montjuïc,12,la Marina del Prat Vermell,25,13650
2017,3,Sants-Montjuïc,13,la Marina de Port,26,19250
2017,3,Sants-Montjuïc,13,la Marina de Port,27,17850
2017,3,Sants-Montjuïc,13,la Marina de Port,28,21350
2017,3,Sants-Montjuïc,13,la Marina de Port,29,15750
2017,3,Sants-Montjuïc,13,la Marina de Port,30,17150
2017,3,Sants-Montjuïc,13,la Marina de Port,31,17150
2017,3,Sants-Montjuïc,13,la Marina de Port,32,13650
2017,3,Sants-Montjuïc,13,la Marina de Port,33,12950
2017,3,Sants-Montjuïc,13,la Marina de Port,34,17850
2017,3,Sants-Montjuïc,13,la Marina de Port,35,17850
2017,3,Sants-Montjuïc,13,la Marina de Port,36,20650
2017,3,Sants-Montjuïc,13,la Marina de Port,37,19250
2017,3,Sants-Montjuïc,13,la Marina de Port,38,12950
2017,3,Sants-Montjuïc,13,la Marina de Port,39,12950
2017,3,Sants-Montjuïc,14,la Font de la Guatlla,40,22050
2017,3,Sants-Montjuïc,14,la Font de la Guatlla,41,18550
2017,3,Sants-Montjuïc,14,la Font de la Guatlla,42,17850
2017,3,Sants-Montjuïc,14,la Font de la Guatlla,43,18550
2017,3,Sants-Montjuïc,14,la Font de la Guatlla,44,17150
2017,3,Sants-Montjuïc,14,la Font de la Guatlla,45,19950
2017,3,Sants-Montjuïc,14,la Font de la Guatlla,46,24150
2017,3,Sants-Montjuïc,15,Hostafrancs,47,17150
2017,3,Sants-Montjuïc,15,Hostafrancs,48,21350
2017,3,Sants-Montjuïc,15,Hostafrancs,49,18900
2017,3,Sants-Montjuïc,15,Hostafrancs,50,18550
2017,3,Sants-Montjuïc,15,Hostafrancs,51,15050
2017,3,Sants-Montjuïc,15,Hostafrancs,52,15050
2017,3,Sants-Montjuïc,15,Hostafrancs,53,16450
2017,3,Sants-Montjuïc,15,Hostafrancs,54,19600
2017,3,Sants-Montjuïc,15,Hostafrancs,55,18550
2017,3,Sants-Montjuïc,15,Hostafrancs,56,19250
2017,3,Sants-Montjuïc,16,la Bordeta,57,17850
2017,3,Sants-Montjuïc,16,la Bordeta,58,22050
2017,3,Sants-Montjuïc,16,la Bordeta,59,16450
2017,3,Sants-Montjuïc,16,la Bordeta,60,20650
2017,3,Sants-Montjuïc,16,la Bordeta,61,17850
2017,3,Sants-Montjuïc,16,la Bordeta,62,18550
2017,3,Sants-Montjuïc,16,la Bordeta,63,18550
2017,3,Sants-Montjuïc,16,la Bordeta,64,19250
2017,3,Sants-Montjuïc,16,la Bordeta,65,20650
2017,3,Sants-Montjuïc,16,la Bordeta,66,19250
2017,3,Sants-Montjuïc,16,la Bordeta,67,19250
2017,3,Sants-Montjuïc,16,la Bordeta,68,17150
2017,3,Sants-Montjuïc,16,la Bordeta,69,20650
2017,3,Sants-Montjuïc,17,Sants-Badal,70,16450
2017,3,Sants-Montjuïc,17,Sants-Badal,71,15050
2017,3,Sants-Montjuïc,17,Sants-Badal,72,16450
2017,3,Sants-Montjuïc,17,Sants-Badal,73,18550
2017,3,Sants-Montjuïc,17,Sants-Badal,74,17850
2017,3,Sants-Montjuïc,17,Sants-Badal,75,17150
2017,3,Sants-Montjuïc,17,Sants-Badal,76,17150
2017,3,Sants-Montjuïc,17,Sants-Badal,77,17850
2017,3,Sants-Montjuïc,17,Sants-Badal,78,17150
2017,3,Sants-Montjuïc,17,Sants-Badal,79,14350
2017,3,Sants-Montjuïc,17,Sants-Badal,80,17150
2017,3,Sants-Montjuïc,17,Sants-Badal,81,19250
2017,3,Sants-Montjuïc,17,Sants-Badal,82,19950
2017,3,Sants-Montjuïc,17,Sants-Badal,83,20650
2017,3,Sants-Montjuïc,17,Sants-Badal,84,20650
2017,3,Sants-Montjuïc,17,Sants-Badal,85,19250
2017,3,Sants-Montjuïc,18,Sants,86,26250
2017,3,Sants-Montjuïc,18,Sants,87,22050
2017,3,Sants-Montjuïc,18,Sants,88,19250
2017,3,Sants-Montjuïc,18,Sants,89,22050
2017,3,Sants-Montjuïc,18,Sants,90,22750
2017,3,Sants-Montjuïc,18,Sants,91,20650
2017,3,Sants-Montjuïc,18,Sants,92,19950
2017,3,Sants-Montjuïc,18,Sants,93,21350
2017,3,Sants-Montjuïc,18,Sants,94,21350
2017,3,Sants-Montjuïc,18,Sants,95,17850
2017,3,Sants-Montjuïc,18,Sants,96,16450
2017,3,Sants-Montjuïc,18,Sants,97,12950
2017,3,Sants-Montjuïc,18,Sants,98,16450
2017,3,Sants-Montjuïc,18,Sants,99,18550
2017,3,Sants-Montjuïc,18,Sants,100,18550
2017,3,Sants-Montjuïc,18,Sants,101,17150
2017,3,Sants-Montjuïc,18,Sants,102,19250
2017,3,Sants-Montjuïc,18,Sants,103,19950
2017,3,Sants-Montjuïc,18,Sants,104,17850
2017,3,Sants-Montjuïc,18,Sants,105,17850
2017,3,Sants-Montjuïc,18,Sants,106,17850
2017,3,Sants-Montjuïc,18,Sants,107,20650
2017,3,Sants-Montjuïc,18,Sants,108,18550
2017,3,Sants-Montjuïc,18,Sants,109,19950
2017,3,Sants-Montjuïc,18,Sants,110,19250
2017,3,Sants-Montjuïc,18,Sants,111,19950
2017,3,Sants-Montjuïc,18,Sants,112,23450
2017,3,Sants-Montjuïc,18,Sants,113,25550
2017,3,Sants-Montjuïc,18,Sants,114,24850
2017,3,Sants-Montjuïc,13,la Marina de Port,211,17850
2017,3,Sants-Montjuïc,13,la Marina de Port,212,16450
2017,3,Sants-Montjuïc,13,la Marina de Port,213,13650
2017,4,Les Corts,19,les Corts,1,23450
2017,4,Les Corts,19,les Corts,2,26950
2017,4,Les Corts,19,les Corts,3,24850
2017,4,Les Corts,19,les Corts,4,22750
2017,4,Les Corts,19,les Corts,5,22050
2017,4,Les Corts,19,les Corts,6,22750
2017,4,Les Corts,19,les Corts,7,19250
2017,4,Les Corts,19,les Corts,8,19950
2017,4,Les Corts,19,les Corts,9,22050
2017,4,Les Corts,19,les Corts,10,25550
2017,4,Les Corts,19,les Corts,11,28350
2017,4,Les Corts,19,les Corts,12,25550
2017,4,Les Corts,19,les Corts,13,28350
2017,4,Les Corts,19,les Corts,14,23450
2017,4,Les Corts,19,les Corts,15,26250
2017,4,Les Corts,19,les Corts,16,25550
2017,4,Les Corts,19,les Corts,17,26250
2017,4,Les Corts,19,les Corts,18,26250
2017,4,Les Corts,19,les Corts,19,29050
2017,4,Les Corts,19,les Corts,20,26950
2017,4,Les Corts,19,les Corts,21,29050
2017,4,Les Corts,19,les Corts,22,26250
2017,4,Les Corts,19,les Corts,23,35350
2017,4,Les Corts,19,les Corts,24,35350
2017,4,Les Corts,19,les Corts,25,24150
2017,4,Les Corts,19,les Corts,26,26250
2017,4,Les Corts,19,les Corts,27,24150
2017,4,Les Corts,19,les Corts,28,23450
2017,4,Les Corts,19,les Corts,29,30450
2017,4,Les Corts,19,les Corts,30,28350
2017,4,Les Corts,19,les Corts,31,19950
2017,4,Les Corts,19,les Corts,32,23450
2017,4,Les Corts,19,les Corts,33,22050
2017,4,Les Corts,19,les Corts,34,29750
2017,4,Les Corts,19,les Corts,35,27650
2017,4,Les Corts,20,la Maternitat i Sant Ramon,36,19950
2017,4,Les Corts,20,la Maternitat i Sant Ramon,37,22750
2017,4,Les Corts,20,la Maternitat i Sant Ramon,38,23450
2017,4,Les Corts,20,la Maternitat i Sant Ramon,39,22050
2017,4,Les Corts,20,la Maternitat i Sant Ramon,40,18550
2017,4,Les Corts,20,la Maternitat i Sant Ramon,41,19250
2017,4,Les Corts,20,la Maternitat i Sant Ramon,42,19250
2017,4,Les Corts,20,la Maternitat i Sant Ramon,43,29050
2017,4,Les Corts,20,la Maternitat i Sant Ramon,44,21350
2017,4,Les Corts,20,la Maternitat i Sant Ramon,45,20650
2017,4,Les Corts,20,la Maternitat i Sant Ramon,46,30450
2017,4,Les Corts,20,la Maternitat i Sant Ramon,47,24150
2017,4,Les Corts,20,la Maternitat i Sant Ramon,48,26250
2017,4,Les Corts,20,la Maternitat i Sant Ramon,49,33950
2017,4,Les Corts,21,Pedralbes,50,35350
2017,4,Les Corts,21,Pedralbes,51,27650
2017,4,Les Corts,21,Pedralbes,52,35350
2017,4,Les Corts,21,Pedralbes,53,26250
2017,4,Les Corts,21,Pedralbes,54,35350
2017,4,Les Corts,21,Pedralbes,55,35350
2017,4,Les Corts,21,Pedralbes,56,33250
2017,4,Les Corts,20,la Maternitat i Sant Ramon,84,29750
2017,5,Sarrià-Sant Gervasi,22,"Vallvidrera, el Tibidabo i les Planes",1,18550
2017,5,Sarrià-Sant Gervasi,22,"Vallvidrera, el Tibidabo i les Planes",2,29050
2017,5,Sarrià-Sant Gervasi,22,"Vallvidrera, el Tibidabo i les Planes",3,26250
2017,5,Sarrià-Sant Gervasi,23,Sarrià,4,35350
2017,5,Sarrià-Sant Gervasi,23,Sarrià,5,26950
2017,5,Sarrià-Sant Gervasi,23,Sarrià,6,35350
2017,5,Sarrià-Sant Gervasi,23,Sarrià,7,30450
2017,5,Sarrià-Sant Gervasi,23,Sarrià,8,31850
2017,5,Sarrià-Sant Gervasi,23,Sarrià,9,29750
2017,5,Sarrià-Sant Gervasi,23,Sarrià,10,27650
2017,5,Sarrià-Sant Gervasi,23,Sarrià,11,27650
2017,5,Sarrià-Sant Gervasi,23,Sarrià,12,24850
2017,5,Sarrià-Sant Gervasi,23,Sarrià,13,28350
2017,5,Sarrià-Sant Gervasi,23,Sarrià,14,32550
2017,5,Sarrià-Sant Gervasi,23,Sarrià,15,29050
2017,5,Sarrià-Sant Gervasi,23,Sarrià,16,24850
2017,5,Sarrià-Sant Gervasi,23,Sarrià,17,35350
2017,5,Sarrià-Sant Gervasi,23,Sarrià,18,29050
2017,5,Sarrià-Sant Gervasi,23,Sarrià,19,35350
2017,5,Sarrià-Sant Gervasi,24,les Tres Torres,20,31850
2017,5,Sarrià-Sant Gervasi,24,les Tres Torres,21,35350
2017,5,Sarrià-Sant Gervasi,24,les Tres Torres,22,35350
2017,5,Sarrià-Sant Gervasi,24,les Tres Torres,23,25550
2017,5,Sarrià-Sant Gervasi,24,les Tres Torres,24,35350
2017,5,Sarrià-Sant Gervasi,24,les Tres Torres,25,35350
2017,5,Sarrià-Sant Gervasi,24,les Tres Torres,26,35350
2017,5,Sarrià-Sant Gervasi,24,les Tres Torres,27,35350
2017,5,Sarrià-Sant Gervasi,24,les Tres Torres,28,35350
2017,5,Sarrià-Sant Gervasi,24,les Tres Torres,29,35350
2017,5,Sarrià-Sant Gervasi,24,les Tres Torres,30,35350
2017,5,Sarrià-Sant Gervasi,25,Sant Gervasi- la Bonanova,31,35350
2017,5,Sarrià-Sant Gervasi,25,Sant Gervasi- la Bonanova,32,35350
2017,5,Sarrià-Sant Gervasi,25,Sant Gervasi- la Bonanova,33,29750
2017,5,Sarrià-Sant Gervasi,25,Sant Gervasi- la Bonanova,34,26950
2017,5,Sarrià-Sant Gervasi,25,Sant Gervasi- la Bonanova,35,35350
2017,5,Sarrià-Sant Gervasi,25,Sant Gervasi- la Bonanova,36,35350
2017,5,Sarrià-Sant Gervasi,25,Sant Gervasi- la Bonanova,37,26250
2017,5,Sarrià-Sant Gervasi,25,Sant Gervasi- la Bonanova,38,26250
2017,5,Sarrià-Sant Gervasi,25,Sant Gervasi- la Bonanova,39,35350
2017,5,Sarrià-Sant Gervasi,25,Sant Gervasi- la Bonanova,40,24850
2017,5,Sarrià-Sant Gervasi,25,Sant Gervasi- la Bonanova,41,26250
2017,5,Sarrià-Sant Gervasi,25,Sant Gervasi- la Bonanova,42,27650
2017,5,Sarrià-Sant Gervasi,25,Sant Gervasi- la Bonanova,43,26250
2017,5,Sarrià-Sant Gervasi,25,Sant Gervasi- la Bonanova,44,25550
2017,5,Sarrià-Sant Gervasi,25,Sant Gervasi- la Bonanova,45,31850
2017,5,Sarrià-Sant Gervasi,25,Sant Gervasi- la Bonanova,46,35350
2017,5,Sarrià-Sant Gervasi,25,Sant Gervasi- la Bonanova,47,31850
2017,5,Sarrià-Sant Gervasi,25,Sant Gervasi- la Bonanova,48,32550
2017,5,Sarrià-Sant Gervasi,26,Sant Gervasi- Galvany,49,34650
2017,5,Sarrià-Sant Gervasi,26,Sant Gervasi- Galvany,50,27650
2017,5,Sarrià-Sant Gervasi,26,Sant Gervasi- Galvany,51,32550
2017,5,Sarrià-Sant Gervasi,26,Sant Gervasi- Galvany,52,35350
2017,5,Sarrià-Sant Gervasi,26,Sant Gervasi- Galvany,53,35350
2017,5,Sarrià-Sant Gervasi,26,Sant Gervasi- Galvany,54,35350
2017,5,Sarrià-Sant Gervasi,26,Sant Gervasi- Galvany,55,35350
2017,5,Sarrià-Sant Gervasi,26,Sant Gervasi- Galvany,56,32550
2017,5,Sarrià-Sant Gervasi,26,Sant Gervasi- Galvany,57,35350
2017,5,Sarrià-Sant Gervasi,26,Sant Gervasi- Galvany,58,34650
2017,5,Sarrià-Sant Gervasi,26,Sant Gervasi- Galvany,59,31150
2017,5,Sarrià-Sant Gervasi,26,Sant Gervasi- Galvany,60,35350
2017,5,Sarrià-Sant Gervasi,26,Sant Gervasi- Galvany,61,24150
2017,5,Sarrià-Sant Gervasi,26,Sant Gervasi- Galvany,62,28350
2017,5,Sarrià-Sant Gervasi,26,Sant Gervasi- Galvany,63,29750
2017,5,Sarrià-Sant Gervasi,26,Sant Gervasi- Galvany,64,26250
2017,5,Sarrià-Sant Gervasi,26,Sant Gervasi- Galvany,65,28350
2017,5,Sarrià-Sant Gervasi,26,Sant Gervasi- Galvany,66,31150
2017,5,Sarrià-Sant Gervasi,26,Sant Gervasi- Galvany,67,30450
2017,5,Sarrià-Sant Gervasi,26,Sant Gervasi- Galvany,68,27650
2017,5,Sarrià-Sant Gervasi,26,Sant Gervasi- Galvany,69,28350
2017,5,Sarrià-Sant Gervasi,26,Sant Gervasi- Galvany,70,28350
2017,5,Sarrià-Sant Gervasi,26,Sant Gervasi- Galvany,71,24850
2017,5,Sarrià-Sant Gervasi,26,Sant Gervasi- Galvany,72,26950
2017,5,Sarrià-Sant Gervasi,26,Sant Gervasi- Galvany,73,26250
2017,5,Sarrià-Sant Gervasi,26,Sant Gervasi- Galvany,74,31850
2017,5,Sarrià-Sant Gervasi,26,Sant Gervasi- Galvany,75,26250
2017,5,Sarrià-Sant Gervasi,26,Sant Gervasi- Galvany,76,26950
2017,5,Sarrià-Sant Gervasi,26,Sant Gervasi- Galvany,77,27650
2017,5,Sarrià-Sant Gervasi,26,Sant Gervasi- Galvany,78,28350
2017,5,Sarrià-Sant Gervasi,26,Sant Gervasi- Galvany,79,26950
2017,5,Sarrià-Sant Gervasi,27,el Putxet i el Farró,80,25550
2017,5,Sarrià-Sant Gervasi,27,el Putxet i el Farró,81,25550
2017,5,Sarrià-Sant Gervasi,27,el Putxet i el Farró,82,24850
2017,5,Sarrià-Sant Gervasi,27,el Putxet i el Farró,83,24850
2017,5,Sarrià-Sant Gervasi,27,el Putxet i el Farró,84,24850
2017,5,Sarrià-Sant Gervasi,27,el Putxet i el Farró,85,21350
2017,5,Sarrià-Sant Gervasi,27,el Putxet i el Farró,86,24150
2017,5,Sarrià-Sant Gervasi,27,el Putxet i el Farró,87,25550
2017,5,Sarrià-Sant Gervasi,27,el Putxet i el Farró,88,26250
2017,5,Sarrià-Sant Gervasi,27,el Putxet i el Farró,89,26950
2017,5,Sarrià-Sant Gervasi,27,el Putxet i el Farró,90,24850
2017,5,Sarrià-Sant Gervasi,27,el Putxet i el Farró,91,25550
2017,5,Sarrià-Sant Gervasi,27,el Putxet i el Farró,92,30450
2017,5,Sarrià-Sant Gervasi,27,el Putxet i el Farró,93,26950
2017,5,Sarrià-Sant Gervasi,27,el Putxet i el Farró,94,30450
2017,5,Sarrià-Sant Gervasi,27,el Putxet i el Farró,95,24150
2017,5,Sarrià-Sant Gervasi,27,el Putxet i el Farró,96,24150
2017,5,Sarrià-Sant Gervasi,27,el Putxet i el Farró,97,27650
2017,5,Sarrià-Sant Gervasi,27,el Putxet i el Farró,98,26250
2017,6,Gràcia,28,Vallcarca i els Penitents,1,21350
2017,6,Gràcia,28,Vallcarca i els Penitents,2,19950
2017,6,Gràcia,28,Vallcarca i els Penitents,3,20650
2017,6,Gràcia,28,Vallcarca i els Penitents,4,21350
2017,6,Gràcia,28,Vallcarca i els Penitents,6,27650
2017,6,Gràcia,28,Vallcarca i els Penitents,7,24150
2017,6,Gràcia,28,Vallcarca i els Penitents,8,21350
2017,6,Gràcia,28,Vallcarca i els Penitents,9,26950
2017,6,Gràcia,28,Vallcarca i els Penitents,10,22750
2017,6,Gràcia,28,Vallcarca i els Penitents,11,22750
2017,6,Gràcia,28,Vallcarca i els Penitents,12,26250
2017,6,Gràcia,29,el Coll,13,19950
2017,6,Gràcia,29,el Coll,14,19950
2017,6,Gràcia,29,el Coll,15,17150
2017,6,Gràcia,29,el Coll,16,17150
2017,6,Gràcia,29,el Coll,17,18550
2017,6,Gràcia,30,la Salut,18,19250
2017,6,Gràcia,30,la Salut,19,21350
2017,6,Gràcia,30,la Salut,20,20650
2017,6,Gràcia,30,la Salut,21,23450
2017,6,Gràcia,30,la Salut,22,21350
2017,6,Gràcia,30,la Salut,23,30450
2017,6,Gràcia,30,la Salut,24,21350
2017,6,Gràcia,30,la Salut,25,24850
2017,6,Gràcia,30,la Salut,26,21350
2017,6,Gràcia,30,la Salut,27,23450
2017,6,Gràcia,31,la Vila de Gràcia,28,19950
2017,6,Gràcia,31,la Vila de Gràcia,29,22750
2017,6,Gràcia,31,la Vila de Gràcia,30,19250
2017,6,Gràcia,31,la Vila de Gràcia,31,20650
2017,6,Gràcia,31,la Vila de Gràcia,32,21350
2017,6,Gràcia,31,la Vila de Gràcia,33,21350
2017,6,Gràcia,31,la Vila de Gràcia,34,21350
2017,6,Gràcia,31,la Vila de Gràcia,35,26250
2017,6,Gràcia,31,la Vila de Gràcia,36,23450
2017,6,Gràcia,31,la Vila de Gràcia,37,22050
2017,6,Gràcia,31,la Vila de Gràcia,38,20650
2017,6,Gràcia,31,la Vila de Gràcia,39,19250
2017,6,Gràcia,31,la Vila de Gràcia,40,23450
2017,6,Gràcia,31,la Vila de Gràcia,41,22050
2017,6,Gràcia,31,la Vila de Gràcia,42,23450
2017,6,Gràcia,31,la Vila de Gràcia,43,22050
2017,6,Gràcia,31,la Vila de Gràcia,44,25550
2017,6,Gràcia,31,la Vila de Gràcia,45,21350
2017,6,Gràcia,31,la Vila de Gràcia,46,17850
2017,6,Gràcia,31,la Vila de Gràcia,47,17150
2017,6,Gràcia,31,la Vila de Gràcia,48,18550
2017,6,Gràcia,31,la Vila de Gràcia,49,21350
2017,6,Gràcia,31,la Vila de Gràcia,50,17150
2017,6,Gràcia,31,la Vila de Gràcia,51,19950
2017,6,Gràcia,31,la Vila de Gràcia,52,18550
2017,6,Gràcia,31,la Vila de Gràcia,53,19250
2017,6,Gràcia,31,la Vila de Gràcia,54,18550
2017,6,Gràcia,31,la Vila de Gràcia,55,19250
2017,6,Gràcia,31,la Vila de Gràcia,56,19250
2017,6,Gràcia,31,la Vila de Gràcia,57,17150
2017,6,Gràcia,31,la Vila de Gràcia,58,19250
2017,6,Gràcia,31,la Vila de Gràcia,59,19950
2017,6,Gràcia,31,la Vila de Gràcia,60,18550
2017,6,Gràcia,31,la Vila de Gràcia,61,19250
2017,6,Gràcia,31,la Vila de Gràcia,62,19250
2017,6,Gràcia,31,la Vila de Gràcia,63,19950
2017,6,Gràcia,32,el Camp d'en Grassot i Gràcia Nova,64,22750
2017,6,Gràcia,32,el Camp d'en Grassot i Gràcia Nova,65,24850
2017,6,Gràcia,32,el Camp d'en Grassot i Gràcia Nova,66,19950
2017,6,Gràcia,32,el Camp d'en Grassot i Gràcia Nova,67,21350
2017,6,Gràcia,32,el Camp d'en Grassot i Gràcia Nova,68,23450
2017,6,Gràcia,32,el Camp d'en Grassot i Gràcia Nova,69,23450
2017,6,Gràcia,32,el Camp d'en Grassot i Gràcia Nova,70,19950
2017,6,Gràcia,32,el Camp d'en Grassot i Gràcia Nova,71,22050
2017,6,Gràcia,32,el Camp d'en Grassot i Gràcia Nova,72,24850
2017,6,Gràcia,32,el Camp d'en Grassot i Gràcia Nova,73,21350
2017,6,Gràcia,32,el Camp d'en Grassot i Gràcia Nova,74,20650
2017,6,Gràcia,32,el Camp d'en Grassot i Gràcia Nova,75,25900
2017,6,Gràcia,32,el Camp d'en Grassot i Gràcia Nova,76,22750
2017,6,Gràcia,32,el Camp d'en Grassot i Gràcia Nova,77,18550
2017,6,Gràcia,32,el Camp d'en Grassot i Gràcia Nova,78,19250
2017,6,Gràcia,32,el Camp d'en Grassot i Gràcia Nova,79,22750
2017,6,Gràcia,32,el Camp d'en Grassot i Gràcia Nova,80,21350
2017,6,Gràcia,32,el Camp d'en Grassot i Gràcia Nova,81,22050
2017,6,Gràcia,32,el Camp d'en Grassot i Gràcia Nova,82,23450
2017,6,Gràcia,32,el Camp d'en Grassot i Gràcia Nova,83,24150
2017,6,Gràcia,32,el Camp d'en Grassot i Gràcia Nova,84,22750
2017,6,Gràcia,32,el Camp d'en Grassot i Gràcia Nova,85,23450
2017,6,Gràcia,32,el Camp d'en Grassot i Gràcia Nova,86,26250
2017,6,Gràcia,32,el Camp d'en Grassot i Gràcia Nova,87,26250
2017,6,Gràcia,32,el Camp d'en Grassot i Gràcia Nova,88,23450
2017,7,Horta-Guinardó,33,el Baix Guinardó,1,22050
2017,7,Horta-Guinardó,33,el Baix Guinardó,2,17850
2017,7,Horta-Guinardó,33,el Baix Guinardó,3,22050
2017,7,Horta-Guinardó,33,el Baix Guinardó,4,19250
2017,7,Horta-Guinardó,33,el Baix Guinardó,5,18550
2017,7,Horta-Guinardó,33,el Baix Guinardó,6,22050
2017,7,Horta-Guinardó,33,el Baix Guinardó,7,18550
2017,7,Horta-Guinardó,33,el Baix Guinardó,8,22050
2017,7,Horta-Guinardó,33,el Baix Guinardó,9,19250
2017,7,Horta-Guinardó,33,el Baix Guinardó,10,20650
2017,7,Horta-Guinardó,33,el Baix Guinardó,11,19250
2017,7,Horta-Guinardó,33,el Baix Guinardó,12,18550
2017,7,Horta-Guinardó,33,el Baix Guinardó,13,22750
2017,7,Horta-Guinardó,33,el Baix Guinardó,14,15750
2017,7,Horta-Guinardó,33,el Baix Guinardó,15,18550
2017,7,Horta-Guinardó,33,el Baix Guinardó,16,22750
2017,7,Horta-Guinardó,33,el Baix Guinardó,17,19250
2017,7,Horta-Guinardó,33,el Baix Guinardó,18,19250
2017,7,Horta-Guinardó,33,el Baix Guinardó,19,19950
2017,7,Horta-Guinardó,34,Can Baró,20,18550
2017,7,Horta-Guinardó,34,Can Baró,21,22750
2017,7,Horta-Guinardó,34,Can Baró,22,17850
2017,7,Horta-Guinardó,34,Can Baró,23,15750
2017,7,Horta-Guinardó,34,Can Baró,24,17150
2017,7,Horta-Guinardó,34,Can Baró,25,17850
2017,7,Horta-Guinardó,34,Can Baró,26,17850
2017,7,Horta-Guinardó,35,el Guinardó,27,17150
2017,7,Horta-Guinardó,35,el Guinardó,28,16450
2017,7,Horta-Guinardó,35,el Guinardó,29,19950
2017,7,Horta-Guinardó,35,el Guinardó,30,17150
2017,7,Horta-Guinardó,35,el Guinardó,31,17850
2017,7,Horta-Guinardó,35,el Guinardó,32,19250
2017,7,Horta-Guinardó,35,el Guinardó,33,19950
2017,7,Horta-Guinardó,35,el Guinardó,34,20650
2017,7,Horta-Guinardó,35,el Guinardó,35,22050
2017,7,Horta-Guinardó,35,el Guinardó,36,22750
2017,7,Horta-Guinardó,35,el Guinardó,37,19250
2017,7,Horta-Guinardó,35,el Guinardó,38,17850
2017,7,Horta-Guinardó,35,el Guinardó,39,20650
2017,7,Horta-Guinardó,35,el Guinardó,40,18550
2017,7,Horta-Guinardó,35,el Guinardó,41,17150
2017,7,Horta-Guinardó,35,el Guinardó,42,19950
2017,7,Horta-Guinardó,35,el Guinardó,43,19950
2017,7,Horta-Guinardó,35,el Guinardó,44,21350
2017,7,Horta-Guinardó,35,el Guinardó,45,18550
2017,7,Horta-Guinardó,35,el Guinardó,46,17850
2017,7,Horta-Guinardó,35,el Guinardó,47,19250
2017,7,Horta-Guinardó,35,el Guinardó,48,19950
2017,7,Horta-Guinardó,35,el Guinardó,49,19250
2017,7,Horta-Guinardó,35,el Guinardó,50,17850
2017,7,Horta-Guinardó,35,el Guinardó,51,19250
2017,7,Horta-Guinardó,36,la Font d'en Fargues,52,24850
2017,7,Horta-Guinardó,36,la Font d'en Fargues,53,22050
2017,7,Horta-Guinardó,36,la Font d'en Fargues,54,24850
2017,7,Horta-Guinardó,36,la Font d'en Fargues,55,26950
2017,7,Horta-Guinardó,36,la Font d'en Fargues,56,19950
2017,7,Horta-Guinardó,36,la Font d'en Fargues,57,21350
2017,7,Horta-Guinardó,36,la Font d'en Fargues,58,20650
2017,7,Horta-Guinardó,37,el Carmel,59,15050
2017,7,Horta-Guinardó,37,el Carmel,60,15050
2017,7,Horta-Guinardó,37,el Carmel,61,17150
2017,7,Horta-Guinardó,37,el Carmel,62,17150
2017,7,Horta-Guinardó,37,el Carmel,63,15050
2017,7,Horta-Guinardó,37,el Carmel,64,15050
2017,7,Horta-Guinardó,37,el Carmel,65,13650
2017,7,Horta-Guinardó,37,el Carmel,66,13650
2017,7,Horta-Guinardó,37,el Carmel,67,13650
2017,7,Horta-Guinardó,37,el Carmel,68,13650
2017,7,Horta-Guinardó,37,el Carmel,69,14350
2017,7,Horta-Guinardó,37,el Carmel,70,14350
2017,7,Horta-Guinardó,37,el Carmel,71,16450
2017,7,Horta-Guinardó,37,el Carmel,72,15750
2017,7,Horta-Guinardó,37,el Carmel,73,14350
2017,7,Horta-Guinardó,37,el Carmel,74,14350
2017,7,Horta-Guinardó,37,el Carmel,75,14350
2017,7,Horta-Guinardó,37,el Carmel,76,14350
2017,7,Horta-Guinardó,37,el Carmel,77,13650
2017,7,Horta-Guinardó,37,el Carmel,78,15050
2017,7,Horta-Guinardó,37,el Carmel,79,15750
2017,7,Horta-Guinardó,37,el Carmel,80,16450
2017,7,Horta-Guinardó,38,la Teixonera,81,17150
2017,7,Horta-Guinardó,38,la Teixonera,82,15750
2017,7,Horta-Guinardó,38,la Teixonera,83,16450
2017,7,Horta-Guinardó,38,la Teixonera,84,16450
2017,7,Horta-Guinardó,38,la Teixonera,85,17150
2017,7,Horta-Guinardó,38,la Teixonera,86,16450
2017,7,Horta-Guinardó,38,la Teixonera,87,16450
2017,7,Horta-Guinardó,38,la Teixonera,88,16450
2017,7,Horta-Guinardó,39,Sant Genís dels Agudells,89,19950
2017,7,Horta-Guinardó,39,Sant Genís dels Agudells,90,17150
2017,7,Horta-Guinardó,39,Sant Genís dels Agudells,91,17150
2017,7,Horta-Guinardó,39,Sant Genís dels Agudells,92,14350
2017,7,Horta-Guinardó,39,Sant Genís dels Agudells,93,17850
2017,7,Horta-Guinardó,40,Montbau,94,18550
2017,7,Horta-Guinardó,40,Montbau,95,19250
2017,7,Horta-Guinardó,40,Montbau,96,16450
2017,7,Horta-Guinardó,40,Montbau,97,20650
2017,7,Horta-Guinardó,41,la Vall d'Hebron,98,25550
2017,7,Horta-Guinardó,41,la Vall d'Hebron,99,22050
2017,7,Horta-Guinardó,41,la Vall d'Hebron,100,19950
2017,7,Horta-Guinardó,41,la Vall d'Hebron,101,19950
2017,7,Horta-Guinardó,42,la Clota,102,18550
2017,7,Horta-Guinardó,43,Horta,103,17150
2017,7,Horta-Guinardó,43,Horta,104,16450
2017,7,Horta-Guinardó,43,Horta,105,21350
2017,7,Horta-Guinardó,43,Horta,106,19950
2017,7,Horta-Guinardó,43,Horta,107,22750
2017,7,Horta-Guinardó,43,Horta,108,20650
2017,7,Horta-Guinardó,43,Horta,109,16450
2017,7,Horta-Guinardó,43,Horta,110,19950
2017,7,Horta-Guinardó,43,Horta,111,23450
2017,7,Horta-Guinardó,43,Horta,112,20650
2017,7,Horta-Guinardó,43,Horta,113,18550
2017,7,Horta-Guinardó,43,Horta,114,20650
2017,7,Horta-Guinardó,43,Horta,115,22750
2017,7,Horta-Guinardó,43,Horta,116,19250
2017,7,Horta-Guinardó,43,Horta,117,17850
2017,7,Horta-Guinardó,43,Horta,118,19250
2017,7,Horta-Guinardó,43,Horta,119,17150
2017,7,Horta-Guinardó,43,Horta,120,17150
2017,7,Horta-Guinardó,43,Horta,121,16450
2017,7,Horta-Guinardó,43,Horta,122,18550
2017,7,Horta-Guinardó,43,Horta,123,19950
2017,8,Nou Barris,44,Vilapicina i la Torre Llobeta,1,17850
2017,8,Nou Barris,44,Vilapicina i la Torre Llobeta,2,20650
2017,8,Nou Barris,44,Vilapicina i la Torre Llobeta,3,17850
2017,8,Nou Barris,44,Vilapicina i la Torre Llobeta,4,16450
2017,8,Nou Barris,44,Vilapicina i la Torre Llobeta,5,19950
2017,8,Nou Barris,44,Vilapicina i la Torre Llobeta,6,18550
2017,8,Nou Barris,44,Vilapicina i la Torre Llobeta,7,19950
2017,8,Nou Barris,44,Vilapicina i la Torre Llobeta,8,19250
2017,8,Nou Barris,44,Vilapicina i la Torre Llobeta,9,17850
2017,8,Nou Barris,44,Vilapicina i la Torre Llobeta,10,20650
2017,8,Nou Barris,44,Vilapicina i la Torre Llobeta,11,22050
2017,8,Nou Barris,44,Vilapicina i la Torre Llobeta,12,19250
2017,8,Nou Barris,44,Vilapicina i la Torre Llobeta,13,18550
2017,8,Nou Barris,44,Vilapicina i la Torre Llobeta,14,16450
2017,8,Nou Barris,44,Vilapicina i la Torre Llobeta,15,15750
2017,8,Nou Barris,44,Vilapicina i la Torre Llobeta,16,16450
2017,8,Nou Barris,44,Vilapicina i la Torre Llobeta,17,20650
2017,8,Nou Barris,44,Vilapicina i la Torre Llobeta,18,18550
2017,8,Nou Barris,44,Vilapicina i la Torre Llobeta,19,16450
2017,8,Nou Barris,45,Porta,20,17850
2017,8,Nou Barris,45,Porta,21,16450
2017,8,Nou Barris,45,Porta,22,18550
2017,8,Nou Barris,45,Porta,23,15750
2017,8,Nou Barris,45,Porta,24,17150
2017,8,Nou Barris,45,Porta,25,15750
2017,8,Nou Barris,45,Porta,26,17850
2017,8,Nou Barris,45,Porta,27,19950
2017,8,Nou Barris,45,Porta,28,17150
2017,8,Nou Barris,45,Porta,29,15050
2017,8,Nou Barris,45,Porta,30,16450
2017,8,Nou Barris,45,Porta,31,17150
2017,8,Nou Barris,45,Porta,32,18550
2017,8,Nou Barris,45,Porta,33,15750
2017,8,Nou Barris,45,Porta,34,13650
2017,8,Nou Barris,45,Porta,35,15050
2017,8,Nou Barris,45,Porta,36,13650
2017,8,Nou Barris,45,Porta,37,15750
2017,8,Nou Barris,46,el Turó de la Peira,38,15750
2017,8,Nou Barris,46,el Turó de la Peira,39,15050
2017,8,Nou Barris,46,el Turó de la Peira,40,11550
2017,8,Nou Barris,46,el Turó de la Peira,41,10850
2017,8,Nou Barris,46,el Turó de la Peira,42,17850
2017,8,Nou Barris,46,el Turó de la Peira,43,15050
2017,8,Nou Barris,46,el Turó de la Peira,44,12950
2017,8,Nou Barris,46,el Turó de la Peira,45,12250
2017,8,Nou Barris,46,el Turó de la Peira,46,14350
2017,8,Nou Barris,46,el Turó de la Peira,47,11550
2017,8,Nou Barris,47,Can Peguera,48,11550
2017,8,Nou Barris,47,Can Peguera,49,13650
2017,8,Nou Barris,48,la Guineueta,50,21350
2017,8,Nou Barris,48,la Guineueta,51,20650
2017,8,Nou Barris,48,la Guineueta,52,18550
2017,8,Nou Barris,48,la Guineueta,53,19950
2017,8,Nou Barris,48,la Guineueta,54,19250
2017,8,Nou Barris,48,la Guineueta,55,23450
2017,8,Nou Barris,48,la Guineueta,56,17150
2017,8,Nou Barris,48,la Guineueta,57,17150
2017,8,Nou Barris,48,la Guineueta,58,15750
2017,8,Nou Barris,48,la Guineueta,59,17150
2017,8,Nou Barris,49,Canyelles,60,18550
2017,8,Nou Barris,49,Canyelles,61,16450
2017,8,Nou Barris,49,Canyelles,62,18550
2017,8,Nou Barris,49,Canyelles,63,22050
2017,8,Nou Barris,49,Canyelles,64,15750
2017,8,Nou Barris,50,les Roquetes,65,12250
2017,8,Nou Barris,50,les Roquetes,66,11550
2017,8,Nou Barris,50,les Roquetes,67,15050
2017,8,Nou Barris,50,les Roquetes,68,12950
2017,8,Nou Barris,50,les Roquetes,69,12950
2017,8,Nou Barris,50,les Roquetes,70,12250
2017,8,Nou Barris,50,les Roquetes,71,13650
2017,8,Nou Barris,50,les Roquetes,72,15050
2017,8,Nou Barris,50,les Roquetes,73,11550
2017,8,Nou Barris,50,les Roquetes,74,12250
2017,8,Nou Barris,51,Verdun,75,15050
2017,8,Nou Barris,51,Verdun,76,15050
2017,8,Nou Barris,51,Verdun,77,12250
2017,8,Nou Barris,51,Verdun,78,12950
2017,8,Nou Barris,51,Verdun,79,12250
2017,8,Nou Barris,51,Verdun,80,14350
2017,8,Nou Barris,51,Verdun,81,12250
2017,8,Nou Barris,51,Verdun,82,14350
2017,8,Nou Barris,52,la Prosperitat,83,14350
2017,8,Nou Barris,52,la Prosperitat,84,15050
2017,8,Nou Barris,52,la Prosperitat,85,14350
2017,8,Nou Barris,52,la Prosperitat,86,15750
2017,8,Nou Barris,52,la Prosperitat,87,14350
2017,8,Nou Barris,52,la Prosperitat,88,14350
2017,8,Nou Barris,52,la Prosperitat,89,14350
2017,8,Nou Barris,52,la Prosperitat,90,15050
2017,8,Nou Barris,52,la Prosperitat,91,15750
2017,8,Nou Barris,52,la Prosperitat,92,17150
2017,8,Nou Barris,52,la Prosperitat,93,15050
2017,8,Nou Barris,52,la Prosperitat,94,15750
2017,8,Nou Barris,52,la Prosperitat,95,19250
2017,8,Nou Barris,52,la Prosperitat,96,15050
2017,8,Nou Barris,52,la Prosperitat,97,15050
2017,8,Nou Barris,52,la Prosperitat,98,13650
2017,8,Nou Barris,52,la Prosperitat,99,15050
2017,8,Nou Barris,52,la Prosperitat,100,15750
2017,8,Nou Barris,52,la Prosperitat,101,15750
2017,8,Nou Barris,52,la Prosperitat,102,12950
2017,8,Nou Barris,53,la Trinitat Nova,103,10850
2017,8,Nou Barris,53,la Trinitat Nova,104,12250
2017,8,Nou Barris,53,la Trinitat Nova,105,12250
2017,8,Nou Barris,53,la Trinitat Nova,106,11550
2017,8,Nou Barris,53,la Trinitat Nova,107,12950
2017,8,Nou Barris,54,Torre Baró,108,11550
2017,8,Nou Barris,54,Torre Baró,109,11550
2017,8,Nou Barris,55,Ciutat Meridiana,110,9450
2017,8,Nou Barris,55,Ciutat Meridiana,111,10850
2017,8,Nou Barris,55,Ciutat Meridiana,112,10150
2017,8,Nou Barris,55,Ciutat Meridiana,113,10150
2017,8,Nou Barris,55,Ciutat Meridiana,114,12250
2017,8,Nou Barris,55,Ciutat Meridiana,115,10850
2017,8,Nou Barris,56,Vallbona,116,11550
2017,8,Nou Barris,48,la Guineueta,215,19250
2017,9,Sant Andreu,57,la Trinitat Vella,1,10150
2017,9,Sant Andreu,57,la Trinitat Vella,2,10850
2017,9,Sant Andreu,57,la Trinitat Vella,3,11550
2017,9,Sant Andreu,57,la Trinitat Vella,4,12950
2017,9,Sant Andreu,57,la Trinitat Vella,5,16450
2017,9,Sant Andreu,58,Baró de Viver,6,12950
2017,9,Sant Andreu,58,Baró de Viver,7,11550
2017,9,Sant Andreu,59,el Bon Pastor,8,24850
2017,9,Sant Andreu,59,el Bon Pastor,9,17150
2017,9,Sant Andreu,59,el Bon Pastor,10,16450
2017,9,Sant Andreu,59,el Bon Pastor,11,13650
2017,9,Sant Andreu,59,el Bon Pastor,13,12250
2017,9,Sant Andreu,59,el Bon Pastor,14,12950
2017,9,Sant Andreu,59,el Bon Pastor,15,14350
2017,9,Sant Andreu,60,Sant Andreu,16,19950
2017,9,Sant Andreu,60,Sant Andreu,17,19950
2017,9,Sant Andreu,60,Sant Andreu,18,19950
2017,9,Sant Andreu,60,Sant Andreu,19,22750
2017,9,Sant Andreu,60,Sant Andreu,20,20650
2017,9,Sant Andreu,60,Sant Andreu,21,21350
2017,9,Sant Andreu,60,Sant Andreu,22,22050
2017,9,Sant Andreu,60,Sant Andreu,23,21350
2017,9,Sant Andreu,60,Sant Andreu,24,20650
2017,9,Sant Andreu,60,Sant Andreu,25,19950
2017,9,Sant Andreu,60,Sant Andreu,26,21350
2017,9,Sant Andreu,60,Sant Andreu,27,22050
2017,9,Sant Andreu,60,Sant Andreu,28,24850
2017,9,Sant Andreu,60,Sant Andreu,29,19250
2017,9,Sant Andreu,60,Sant Andreu,30,22050
2017,9,Sant Andreu,60,Sant Andreu,31,23450
2017,9,Sant Andreu,60,Sant Andreu,32,17150
2017,9,Sant Andreu,60,Sant Andreu,33,19250
2017,9,Sant Andreu,60,Sant Andreu,34,17850
2017,9,Sant Andreu,60,Sant Andreu,35,18550
2017,9,Sant Andreu,60,Sant Andreu,36,19950
2017,9,Sant Andreu,60,Sant Andreu,37,17150
2017,9,Sant Andreu,60,Sant Andreu,38,21350
2017,9,Sant Andreu,60,Sant Andreu,39,19950
2017,9,Sant Andreu,60,Sant Andreu,40,20650
2017,9,Sant Andreu,60,Sant Andreu,41,19250
2017,9,Sant Andreu,60,Sant Andreu,42,19950
2017,9,Sant Andreu,60,Sant Andreu,43,19250
2017,9,Sant Andreu,60,Sant Andreu,44,19950
2017,9,Sant Andreu,60,Sant Andreu,45,20650
2017,9,Sant Andreu,60,Sant Andreu,46,21350
2017,9,Sant Andreu,60,Sant Andreu,47,21350
2017,9,Sant Andreu,60,Sant Andreu,48,19250
2017,9,Sant Andreu,60,Sant Andreu,49,19250
2017,9,Sant Andreu,60,Sant Andreu,50,20650
2017,9,Sant Andreu,60,Sant Andreu,51,20650
2017,9,Sant Andreu,60,Sant Andreu,52,19250
2017,9,Sant Andreu,60,Sant Andreu,53,21700
2017,9,Sant Andreu,60,Sant Andreu,54,21350
2017,9,Sant Andreu,61,la Sagrera,55,17850
2017,9,Sant Andreu,61,la Sagrera,56,20650
2017,9,Sant Andreu,61,la Sagrera,57,18550
2017,9,Sant Andreu,61,la Sagrera,58,19950
2017,9,Sant Andreu,61,la Sagrera,59,18550
2017,9,Sant Andreu,61,la Sagrera,60,18550
2017,9,Sant Andreu,61,la Sagrera,61,22750
2017,9,Sant Andreu,61,la Sagrera,62,17850
2017,9,Sant Andreu,61,la Sagrera,63,22050
2017,9,Sant Andreu,61,la Sagrera,64,20650
2017,9,Sant Andreu,61,la Sagrera,65,19950
2017,9,Sant Andreu,61,la Sagrera,66,21350
2017,9,Sant Andreu,61,la Sagrera,67,17150
2017,9,Sant Andreu,61,la Sagrera,68,22050
2017,9,Sant Andreu,61,la Sagrera,69,19950
2017,9,Sant Andreu,61,la Sagrera,70,13650
2017,9,Sant Andreu,61,la Sagrera,71,17850
2017,9,Sant Andreu,61,la Sagrera,72,15750
2017,9,Sant Andreu,61,la Sagrera,73,19950
2017,9,Sant Andreu,62,el Congrés i els Indians,74,18550
2017,9,Sant Andreu,62,el Congrés i els Indians,75,17150
2017,9,Sant Andreu,62,el Congrés i els Indians,76,17850
2017,9,Sant Andreu,62,el Congrés i els Indians,77,18550
2017,9,Sant Andreu,62,el Congrés i els Indians,78,18550
2017,9,Sant Andreu,62,el Congrés i els Indians,79,19250
2017,9,Sant Andreu,62,el Congrés i els Indians,80,19250
2017,9,Sant Andreu,62,el Congrés i els Indians,81,19250
2017,9,Sant Andreu,62,el Congrés i els Indians,82,18550
2017,9,Sant Andreu,63,Navas,83,19250
2017,9,Sant Andreu,63,Navas,84,20650
2017,9,Sant Andreu,63,Navas,85,19250
2017,9,Sant Andreu,63,Navas,86,19250
2017,9,Sant Andreu,63,Navas,87,21350
2017,9,Sant Andreu,63,Navas,88,17850
2017,9,Sant Andreu,63,Navas,89,18550
2017,9,Sant Andreu,63,Navas,90,17850
2017,9,Sant Andreu,63,Navas,91,19950
2017,9,Sant Andreu,63,Navas,92,20650
2017,9,Sant Andreu,63,Navas,93,19950
2017,9,Sant Andreu,63,Navas,94,19250
2017,9,Sant Andreu,63,Navas,95,19950
2017,9,Sant Andreu,61,la Sagrera,156,18550
2017,10,Sant Martí,64,el Camp de l'Arpa del Clot,1,17150
2017,10,Sant Martí,64,el Camp de l'Arpa del Clot,2,18550
2017,10,Sant Martí,64,el Camp de l'Arpa del Clot,3,19250
2017,10,Sant Martí,64,el Camp de l'Arpa del Clot,4,19250
2017,10,Sant Martí,64,el Camp de l'Arpa del Clot,5,20650
2017,10,Sant Martí,64,el Camp de l'Arpa del Clot,6,19950
2017,10,Sant Martí,64,el Camp de l'Arpa del Clot,7,26950
2017,10,Sant Martí,64,el Camp de l'Arpa del Clot,8,19250
2017,10,Sant Martí,64,el Camp de l'Arpa del Clot,9,19950
2017,10,Sant Martí,64,el Camp de l'Arpa del Clot,10,17850
2017,10,Sant Martí,64,el Camp de l'Arpa del Clot,11,21350
2017,10,Sant Martí,64,el Camp de l'Arpa del Clot,12,20650
2017,10,Sant Martí,64,el Camp de l'Arpa del Clot,13,19250
2017,10,Sant Martí,64,el Camp de l'Arpa del Clot,14,18550
2017,10,Sant Martí,64,el Camp de l'Arpa del Clot,15,19250
2017,10,Sant Martí,64,el Camp de l'Arpa del Clot,16,20650
2017,10,Sant Martí,64,el Camp de l'Arpa del Clot,17,18550
2017,10,Sant Martí,64,el Camp de l'Arpa del Clot,18,18550
2017,10,Sant Martí,64,el Camp de l'Arpa del Clot,19,19250
2017,10,Sant Martí,64,el Camp de l'Arpa del Clot,20,17850
2017,10,Sant Martí,64,el Camp de l'Arpa del Clot,21,16800
2017,10,Sant Martí,64,el Camp de l'Arpa del Clot,22,18550
2017,10,Sant Martí,64,el Camp de l'Arpa del Clot,23,17150
2017,10,Sant Martí,64,el Camp de l'Arpa del Clot,24,19950
2017,10,Sant Martí,64,el Camp de l'Arpa del Clot,25,18550
2017,10,Sant Martí,65,el Clot,26,19250
2017,10,Sant Martí,65,el Clot,27,19950
2017,10,Sant Martí,65,el Clot,28,19250
2017,10,Sant Martí,65,el Clot,29,17850
2017,10,Sant Martí,65,el Clot,30,19950
2017,10,Sant Martí,65,el Clot,31,17850
2017,10,Sant Martí,65,el Clot,32,20650
2017,10,Sant Martí,65,el Clot,33,22750
2017,10,Sant Martí,65,el Clot,34,19250
2017,10,Sant Martí,65,el Clot,35,22750
2017,10,Sant Martí,65,el Clot,36,22750
2017,10,Sant Martí,65,el Clot,37,15750
2017,10,Sant Martí,65,el Clot,38,19950
2017,10,Sant Martí,65,el Clot,39,16450
2017,10,Sant Martí,65,el Clot,40,17850
2017,10,Sant Martí,65,el Clot,41,19250
2017,10,Sant Martí,66,el Parc i la Llacuna del Poblenou,42,16450
2017,10,Sant Martí,66,el Parc i la Llacuna del Poblenou,43,17150
2017,10,Sant Martí,66,el Parc i la Llacuna del Poblenou,44,19250
2017,10,Sant Martí,66,el Parc i la Llacuna del Poblenou,45,22750
2017,10,Sant Martí,66,el Parc i la Llacuna del Poblenou,46,21350
2017,10,Sant Martí,66,el Parc i la Llacuna del Poblenou,47,22750
2017,10,Sant Martí,66,el Parc i la Llacuna del Poblenou,48,21350
2017,10,Sant Martí,66,el Parc i la Llacuna del Poblenou,49,21350
2017,10,Sant Martí,66,el Parc i la Llacuna del Poblenou,50,22750
2017,10,Sant Martí,67,la Vila Olímpica del Poblenou,51,23450
2017,10,Sant Martí,67,la Vila Olímpica del Poblenou,52,29750
2017,10,Sant Martí,67,la Vila Olímpica del Poblenou,53,34650
2017,10,Sant Martí,67,la Vila Olímpica del Poblenou,54,29750
2017,10,Sant Martí,67,la Vila Olímpica del Poblenou,55,33250
2017,10,Sant Martí,68,el Poblenou,56,16450
2017,10,Sant Martí,68,el Poblenou,57,17150
2017,10,Sant Martí,68,el Poblenou,58,17150
2017,10,Sant Martí,68,el Poblenou,59,18550
2017,10,Sant Martí,68,el Poblenou,60,17150
2017,10,Sant Martí,68,el Poblenou,61,22750
2017,10,Sant Martí,68,el Poblenou,62,23450
2017,10,Sant Martí,68,el Poblenou,63,21350
2017,10,Sant Martí,68,el Poblenou,64,20650
2017,10,Sant Martí,68,el Poblenou,65,21350
2017,10,Sant Martí,68,el Poblenou,66,21350
2017,10,Sant Martí,68,el Poblenou,67,29050
2017,10,Sant Martí,68,el Poblenou,68,24850
2017,10,Sant Martí,68,el Poblenou,69,20650
2017,10,Sant Martí,68,el Poblenou,70,18550
2017,10,Sant Martí,68,el Poblenou,71,22750
2017,10,Sant Martí,68,el Poblenou,72,19950
2017,10,Sant Martí,68,el Poblenou,73,18550
2017,10,Sant Martí,68,el Poblenou,74,18550
2017,10,Sant Martí,68,el Poblenou,75,18550
2017,10,Sant Martí,69,Diagonal Mar i el Front Marítim del Poblenou,76,22750
2017,10,Sant Martí,69,Diagonal Mar i el Front Marítim del Poblenou,77,26950
2017,10,Sant Martí,69,Diagonal Mar i el Front Marítim del Poblenou,78,26950
2017,10,Sant Martí,69,Diagonal Mar i el Front Marítim del Poblenou,79,22750
2017,10,Sant Martí,69,Diagonal Mar i el Front Marítim del Poblenou,80,31150
2017,10,Sant Martí,70,el Besòs i el Maresme,81,14350
2017,10,Sant Martí,70,el Besòs i el Maresme,82,10150
2017,10,Sant Martí,70,el Besòs i el Maresme,83,9450
2017,10,Sant Martí,70,el Besòs i el Maresme,84,12250
2017,10,Sant Martí,70,el Besòs i el Maresme,85,10850
2017,10,Sant Martí,70,el Besòs i el Maresme,86,11550
2017,10,Sant Martí,70,el Besòs i el Maresme,87,12250
2017,10,Sant Martí,70,el Besòs i el Maresme,88,17850
2017,10,Sant Martí,70,el Besòs i el Maresme,89,12250
2017,10,Sant Martí,70,el Besòs i el Maresme,90,14350
2017,10,Sant Martí,70,el Besòs i el Maresme,91,15750
2017,10,Sant Martí,70,el Besòs i el Maresme,92,19250
2017,10,Sant Martí,70,el Besòs i el Maresme,93,19950
2017,10,Sant Martí,71,Provençals del Poblenou,94,20650
2017,10,Sant Martí,71,Provençals del Poblenou,95,15750
2017,10,Sant Martí,71,Provençals del Poblenou,96,22750
2017,10,Sant Martí,71,Provençals del Poblenou,97,21350
2017,10,Sant Martí,71,Provençals del Poblenou,98,21350
2017,10,Sant Martí,71,Provençals del Poblenou,99,14350
2017,10,Sant Martí,71,Provençals del Poblenou,100,17150
2017,10,Sant Martí,71,Provençals del Poblenou,101,16450
2017,10,Sant Martí,71,Provençals del Poblenou,102,16450
2017,10,Sant Martí,71,Provençals del Poblenou,103,19250
2017,10,Sant Martí,71,Provençals del Poblenou,104,22050
2017,10,Sant Martí,72,Sant Martí de Provençals,105,18550
2017,10,Sant Martí,72,Sant Martí de Provençals,106,18550
2017,10,Sant Martí,72,Sant Martí de Provençals,107,22750
2017,10,Sant Martí,72,Sant Martí de Provençals,108,17850
2017,10,Sant Martí,72,Sant Martí de Provençals,109,17150
2017,10,Sant Martí,72,Sant Martí de Provençals,110,16450
2017,10,Sant Martí,72,Sant Martí de Provençals,111,17150
2017,10,Sant Martí,72,Sant Martí de Provençals,112,22050
2017,10,Sant Martí,72,Sant Martí de Provençals,113,17850
2017,10,Sant Martí,72,Sant Martí de Provençals,114,15750
2017,10,Sant Martí,72,Sant Martí de Provençals,115,17150
2017,10,Sant Martí,72,Sant Martí de Provençals,116,15750
2017,10,Sant Martí,72,Sant Martí de Provençals,117,17850
2017,10,Sant Martí,72,Sant Martí de Provençals,118,22750
2017,10,Sant Martí,72,Sant Martí de Provençals,119,15750
2017,10,Sant Martí,72,Sant Martí de Provençals,120,15750
2017,10,Sant Martí,72,Sant Martí de Provençals,121,17150
2017,10,Sant Martí,72,Sant Martí de Provençals,122,21350
2017,10,Sant Martí,73,la Verneda i la Pau,123,17150
2017,10,Sant Martí,73,la Verneda i la Pau,124,19250
2017,10,Sant Martí,73,la Verneda i la Pau,125,17150
2017,10,Sant Martí,73,la Verneda i la Pau,126,18550
2017,10,Sant Martí,73,la Verneda i la Pau,127,19950
2017,10,Sant Martí,73,la Verneda i la Pau,128,19950
2017,10,Sant Martí,73,la Verneda i la Pau,129,20650
2017,10,Sant Martí,73,la Verneda i la Pau,130,18550
2017,10,Sant Martí,73,la Verneda i la Pau,131,21350
2017,10,Sant Martí,73,la Verneda i la Pau,132,17850
2017,10,Sant Martí,73,la Verneda i la Pau,133,16450
2017,10,Sant Martí,73,la Verneda i la Pau,134,16100
2017,10,Sant Martí,73,la Verneda i la Pau,135,16450
2017,10,Sant Martí,73,la Verneda i la Pau,136,17150
2017,10,Sant Martí,73,la Verneda i la Pau,137,14350
2017,10,Sant Martí,73,la Verneda i la Pau,138,12950
2017,10,Sant Martí,73,la Verneda i la Pau,139,15050
2017,10,Sant Martí,73,la Verneda i la Pau,140,14350
2017,10,Sant Martí,73,la Verneda i la Pau,141,15050
2017,10,Sant Martí,73,la Verneda i la Pau,142,13650
2017,10,Sant Martí,73,la Verneda i la Pau,143,15050
2017,10,Sant Martí,65,el Clot,234,19600
2017,10,Sant Martí,69,Diagonal Mar i el Front Marítim del Poblenou,235,16450
2017,10,Sant Martí,69,Diagonal Mar i el Front Marítim del Poblenou,236,17150
2017,10,Sant Martí,71,Provençals del Poblenou,237,16450
