Any,Codi_Districte,Nom_Districte,Codi_Barri,Nom_Barri,Seccio_Censal,Mitjana_Renda_€
2022,1,Ciutat Vella,1,el Raval,1,18356
2022,1,Ciutat Vella,1,el Raval,2,15715
2022,1,Ciutat Vella,1,el Raval,3,14795
2022,1,Ciutat Vella,1,el Raval,4,17683
2022,1,Ciutat Vella,1,el Raval,5,14765
2022,1,Ciutat Vella,1,el Raval,6,16283
2022,1,Ciutat Vella,1,el Raval,7,15312
2022,1,Ciutat Vella,1,el Raval,8,12596
2022,1,Ciutat Vella,1,el Raval,9,15410
2022,1,Ciutat Vella,1,el Raval,10,13647
2022,1,Ciutat Vella,1,el Raval,11,13344
2022,1,Ciutat Vella,1,el Raval,12,16492
2022,1,Ciutat Vella,1,el Raval,13,16989
2022,1,Ciutat Vella,1,el Raval,14,16106
2022,1,Ciutat Vella,1,el Raval,15,16795
2022,1,Ciutat Vella,1,el Raval,16,16240
2022,1,Ciutat Vella,1,el Raval,17,14493
2022,1,Ciutat Vella,1,el Raval,18,16304
2022,1,Ciutat Vella,1,el Raval,19,15903
2022,1,Ciutat Vella,1,el Raval,20,21617
2022,1,Ciutat Vella,1,el Raval,21,21343
2022,1,Ciutat Vella,2,el Barri Gòtic,22,27183
2022,1,Ciutat Vella,2,el Barri Gòtic,23,22554
2022,1,Ciutat Vella,2,el Barri Gòtic,25,20835
2022,1,Ciutat Vella,2,el Barri Gòtic,26,21025
2022,1,Ciutat Vella,2,el Barri Gòtic,27,19859
2022,1,Ciutat Vella,2,el Barri Gòtic,28,21257
2022,1,Ciutat Vella,2,el Barri Gòtic,29,17931
2022,1,Ciutat Vella,2,el Barri Gòtic,30,18349
2022,1,Ciutat Vella,2,el Barri Gòtic,31,17666
2022,1,Ciutat Vella,3,la Barceloneta,32,21040
2022,1,Ciutat Vella,3,la Barceloneta,33,18272
2022,1,Ciutat Vella,3,la Barceloneta,34,18471
2022,1,Ciutat Vella,3,la Barceloneta,35,18552
2022,1,Ciutat Vella,3,la Barceloneta,36,20801
2022,1,Ciutat Vella,3,la Barceloneta,37,20862
2022,1,Ciutat Vella,3,la Barceloneta,38,17098
2022,1,Ciutat Vella,3,la Barceloneta,39,19862
2022,1,Ciutat Vella,3,la Barceloneta,40,20903
2022,1,Ciutat Vella,3,la Barceloneta,41,17896
2022,1,Ciutat Vella,3,la Barceloneta,42,21223
2022,1,Ciutat Vella,4,"Sant Pere, Santa Caterina i la Ribera",43,28126
2022,1,Ciutat Vella,4,"Sant Pere, Santa Caterina i la Ribera",44,23334
2022,1,Ciutat Vella,4,"Sant Pere, Santa Caterina i la Ribera",45,21490
2022,1,Ciutat Vella,4,"Sant Pere, Santa Caterina i la Ribera",46,20037
2022,1,Ciutat Vella,4,"Sant Pere, Santa Caterina i la Ribera",47,21888
2022,1,Ciutat Vella,4,"Sant Pere, Santa Caterina i la Ribera",48,16430
2022,1,Ciutat Vella,4,"Sant Pere, Santa Caterina i la Ribera",49,21316
2022,1,Ciutat Vella,4,"Sant Pere, Santa Caterina i la Ribera",50,19476
2022,1,Ciutat Vella,4,"Sant Pere, Santa Caterina i la Ribera",51,18687
2022,1,Ciutat Vella,4,"Sant Pere, Santa Caterina i la Ribera",52,27984
2022,1,Ciutat Vella,4,"Sant Pere, Santa Caterina i la Ribera",53,18717
2022,1,Ciutat Vella,4,"Sant Pere, Santa Caterina i la Ribera",54,19956
2022,1,Ciutat Vella,4,"Sant Pere, Santa Caterina i la Ribera",55,27106
2022,2,L'Eixample,5,el Fort Pienc,1,25878
2022,2,L'Eixample,5,el Fort Pienc,2,27313
2022,2,L'Eixample,5,el Fort Pienc,3,30698
2022,2,L'Eixample,5,el Fort Pienc,4,24715
2022,2,L'Eixample,5,el Fort Pienc,5,29971
2022,2,L'Eixample,5,el Fort Pienc,6,31316
2022,2,L'Eixample,5,el Fort Pienc,7,33148
2022,2,L'Eixample,5,el Fort Pienc,8,30724
2022,2,L'Eixample,5,el Fort Pienc,9,29509
2022,2,L'Eixample,5,el Fort Pienc,10,27027
2022,2,L'Eixample,5,el Fort Pienc,11,28489
2022,2,L'Eixample,5,el Fort Pienc,12,23859
2022,2,L'Eixample,5,el Fort Pienc,13,23768
2022,2,L'Eixample,5,el Fort Pienc,14,22960
2022,2,L'Eixample,5,el Fort Pienc,15,23186
2022,2,L'Eixample,5,el Fort Pienc,16,30259
2022,2,L'Eixample,5,el Fort Pienc,17,31436
2022,2,L'Eixample,5,el Fort Pienc,18,29909
2022,2,L'Eixample,5,el Fort Pienc,19,28249
2022,2,L'Eixample,5,el Fort Pienc,20,25688
2022,2,L'Eixample,6,la Sagrada Família,21,26197
2022,2,L'Eixample,6,la Sagrada Família,22,27896
2022,2,L'Eixample,6,la Sagrada Família,23,27013
2022,2,L'Eixample,6,la Sagrada Família,24,24859
2022,2,L'Eixample,6,la Sagrada Família,25,25021
2022,2,L'Eixample,6,la Sagrada Família,26,26047
2022,2,L'Eixample,6,la Sagrada Família,27,26601
2022,2,L'Eixample,6,la Sagrada Família,28,26533
2022,2,L'Eixample,6,la Sagrada Família,29,27337
2022,2,L'Eixample,6,la Sagrada Família,30,22937
2022,2,L'Eixample,6,la Sagrada Família,31,29738
2022,2,L'Eixample,6,la Sagrada Família,32,27783
2022,2,L'Eixample,6,la Sagrada Família,33,26550
2022,2,L'Eixample,6,la Sagrada Família,34,24464
2022,2,L'Eixample,6,la Sagrada Família,35,28227
2022,2,L'Eixample,6,la Sagrada Família,36,29708
2022,2,L'Eixample,6,la Sagrada Família,37,31046
2022,2,L'Eixample,6,la Sagrada Família,38,30256
2022,2,L'Eixample,6,la Sagrada Família,39,26652
2022,2,L'Eixample,6,la Sagrada Família,40,23661
2022,2,L'Eixample,6,la Sagrada Família,41,25750
2022,2,L'Eixample,6,la Sagrada Família,42,30014
2022,2,L'Eixample,6,la Sagrada Família,43,28244
2022,2,L'Eixample,6,la Sagrada Família,44,24042
2022,2,L'Eixample,6,la Sagrada Família,45,29357
2022,2,L'Eixample,6,la Sagrada Família,46,24908
2022,2,L'Eixample,6,la Sagrada Família,47,26863
2022,2,L'Eixample,6,la Sagrada Família,48,25938
2022,2,L'Eixample,6,la Sagrada Família,49,24502
2022,2,L'Eixample,6,la Sagrada Família,50,25681
2022,2,L'Eixample,6,la Sagrada Família,51,23856
2022,2,L'Eixample,6,la Sagrada Família,52,27613
2022,2,L'Eixample,6,la Sagrada Família,53,27963
2022,2,L'Eixample,6,la Sagrada Família,54,28705
2022,2,L'Eixample,7,la Dreta de l'Eixample,55,29903
2022,2,L'Eixample,7,la Dreta de l'Eixample,56,30733
2022,2,L'Eixample,7,la Dreta de l'Eixample,57,38356
2022,2,L'Eixample,7,la Dreta de l'Eixample,58,34257
2022,2,L'Eixample,7,la Dreta de l'Eixample,59,35639
2022,2,L'Eixample,7,la Dreta de l'Eixample,60,31953
2022,2,L'Eixample,7,la Dreta de l'Eixample,61,29035
2022,2,L'Eixample,7,la Dreta de l'Eixample,62,34777
2022,2,L'Eixample,7,la Dreta de l'Eixample,63,41670
2022,2,L'Eixample,7,la Dreta de l'Eixample,64,41316
2022,2,L'Eixample,7,la Dreta de l'Eixample,65,30511
2022,2,L'Eixample,7,la Dreta de l'Eixample,66,30701
2022,2,L'Eixample,7,la Dreta de l'Eixample,67,27254
2022,2,L'Eixample,7,la Dreta de l'Eixample,68,29011
2022,2,L'Eixample,7,la Dreta de l'Eixample,69,33033
2022,2,L'Eixample,7,la Dreta de l'Eixample,70,35002
2022,2,L'Eixample,7,la Dreta de l'Eixample,71,37089
2022,2,L'Eixample,7,la Dreta de l'Eixample,72,39075
2022,2,L'Eixample,7,la Dreta de l'Eixample,73,36117
2022,2,L'Eixample,7,la Dreta de l'Eixample,74,40874
2022,2,L'Eixample,7,la Dreta de l'Eixample,75,34377
2022,2,L'Eixample,7,la Dreta de l'Eixample,76,40081
2022,2,L'Eixample,7,la Dreta de l'Eixample,77,33522
2022,2,L'Eixample,7,la Dreta de l'Eixample,78,36861
2022,2,L'Eixample,7,la Dreta de l'Eixample,79,43450
2022,2,L'Eixample,7,la Dreta de l'Eixample,80,41385
2022,2,L'Eixample,7,la Dreta de l'Eixample,81,40094
2022,2,L'Eixample,7,la Dreta de l'Eixample,82,42537
2022,2,L'Eixample,7,la Dreta de l'Eixample,83,43068
2022,2,L'Eixample,8,l'Antiga Esquerra de l'Eixample,84,34060
2022,2,L'Eixample,8,l'Antiga Esquerra de l'Eixample,85,34839
2022,2,L'Eixample,8,l'Antiga Esquerra de l'Eixample,86,37216
2022,2,L'Eixample,8,l'Antiga Esquerra de l'Eixample,87,33901
2022,2,L'Eixample,8,l'Antiga Esquerra de l'Eixample,88,35656
2022,2,L'Eixample,8,l'Antiga Esquerra de l'Eixample,89,33982
2022,2,L'Eixample,8,l'Antiga Esquerra de l'Eixample,90,30793
2022,2,L'Eixample,8,l'Antiga Esquerra de l'Eixample,91,31973
2022,2,L'Eixample,8,l'Antiga Esquerra de l'Eixample,92,29895
2022,2,L'Eixample,8,l'Antiga Esquerra de l'Eixample,93,31005
2022,2,L'Eixample,8,l'Antiga Esquerra de l'Eixample,94,31168
2022,2,L'Eixample,8,l'Antiga Esquerra de l'Eixample,95,31419
2022,2,L'Eixample,8,l'Antiga Esquerra de l'Eixample,96,27895
2022,2,L'Eixample,8,l'Antiga Esquerra de l'Eixample,97,29225
2022,2,L'Eixample,8,l'Antiga Esquerra de l'Eixample,98,31781
2022,2,L'Eixample,8,l'Antiga Esquerra de l'Eixample,99,34847
2022,2,L'Eixample,8,l'Antiga Esquerra de l'Eixample,100,31127
2022,2,L'Eixample,8,l'Antiga Esquerra de l'Eixample,101,31131
2022,2,L'Eixample,8,l'Antiga Esquerra de l'Eixample,102,36130
2022,2,L'Eixample,8,l'Antiga Esquerra de l'Eixample,103,26283
2022,2,L'Eixample,8,l'Antiga Esquerra de l'Eixample,104,33480
2022,2,L'Eixample,8,l'Antiga Esquerra de l'Eixample,105,28569
2022,2,L'Eixample,8,l'Antiga Esquerra de l'Eixample,106,36578
2022,2,L'Eixample,8,l'Antiga Esquerra de l'Eixample,107,37147
2022,2,L'Eixample,8,l'Antiga Esquerra de l'Eixample,108,36622
2022,2,L'Eixample,8,l'Antiga Esquerra de l'Eixample,109,38950
2022,2,L'Eixample,9,la Nova Esquerra de l'Eixample,110,30167
2022,2,L'Eixample,9,la Nova Esquerra de l'Eixample,111,29972
2022,2,L'Eixample,9,la Nova Esquerra de l'Eixample,112,37379
2022,2,L'Eixample,9,la Nova Esquerra de l'Eixample,113,36842
2022,2,L'Eixample,9,la Nova Esquerra de l'Eixample,114,30039
2022,2,L'Eixample,9,la Nova Esquerra de l'Eixample,115,28216
2022,2,L'Eixample,9,la Nova Esquerra de l'Eixample,116,35611
2022,2,L'Eixample,9,la Nova Esquerra de l'Eixample,117,29658
2022,2,L'Eixample,9,la Nova Esquerra de l'Eixample,118,34482
2022,2,L'Eixample,9,la Nova Esquerra de l'Eixample,119,32048
2022,2,L'Eixample,9,la Nova Esquerra de l'Eixample,120,29237
2022,2,L'Eixample,9,la Nova Esquerra de l'Eixample,121,32359
2022,2,L'Eixample,9,la Nova Esquerra de l'Eixample,122,33906
2022,2,L'Eixample,9,la Nova Esquerra de l'Eixample,123,28255
2022,2,L'Eixample,9,la Nova Esquerra de l'Eixample,124,31719
2022,2,L'Eixample,9,la Nova Esquerra de l'Eixample,125,31010
2022,2,L'Eixample,9,la Nova Esquerra de l'Eixample,126,31940
2022,2,L'Eixample,9,la Nova Esquerra de l'Eixample,127,28245
2022,2,L'Eixample,9,la Nova Esquerra de l'Eixample,128,27191
2022,2,L'Eixample,9,la Nova Esquerra de l'Eixample,129,28927
2022,2,L'Eixample,9,la Nova Esquerra de l'Eixample,130,42616
2022,2,L'Eixample,9,la Nova Esquerra de l'Eixample,131,29171
2022,2,L'Eixample,9,la Nova Esquerra de l'Eixample,132,29926
2022,2,L'Eixample,9,la Nova Esquerra de l'Eixample,133,30115
2022,2,L'Eixample,9,la Nova Esquerra de l'Eixample,134,27619
2022,2,L'Eixample,9,la Nova Esquerra de l'Eixample,135,25962
2022,2,L'Eixample,9,la Nova Esquerra de l'Eixample,136,29261
2022,2,L'Eixample,9,la Nova Esquerra de l'Eixample,137,26001
2022,2,L'Eixample,9,la Nova Esquerra de l'Eixample,138,29799
2022,2,L'Eixample,9,la Nova Esquerra de l'Eixample,139,27389
2022,2,L'Eixample,9,la Nova Esquerra de l'Eixample,140,29180
2022,2,L'Eixample,9,la Nova Esquerra de l'Eixample,141,27360
2022,2,L'Eixample,9,la Nova Esquerra de l'Eixample,142,25326
2022,2,L'Eixample,9,la Nova Esquerra de l'Eixample,143,28304
2022,2,L'Eixample,9,la Nova Esquerra de l'Eixample,144,31559
2022,2,L'Eixample,9,la Nova Esquerra de l'Eixample,145,27909
2022,2,L'Eixample,9,la Nova Esquerra de l'Eixample,146,27280
2022,2,L'Eixample,9,la Nova Esquerra de l'Eixample,147,27099
2022,2,L'Eixample,9,la Nova Esquerra de l'Eixample,148,29801
2022,2,L'Eixample,9,la Nova Esquerra de l'Eixample,149,26823
2022,2,L'Eixample,10,Sant Antoni,150,24606
2022,2,L'Eixample,10,Sant Antoni,151,28232
2022,2,L'Eixample,10,Sant Antoni,152,29950
2022,2,L'Eixample,10,Sant Antoni,153,29923
2022,2,L'Eixample,10,Sant Antoni,154,24262
2022,2,L'Eixample,10,Sant Antoni,155,25344
2022,2,L'Eixample,10,Sant Antoni,156,28019
2022,2,L'Eixample,10,Sant Antoni,157,25752
2022,2,L'Eixample,10,Sant Antoni,158,26867
2022,2,L'Eixample,10,Sant Antoni,159,27079
2022,2,L'Eixample,10,Sant Antoni,160,30121
2022,2,L'Eixample,10,Sant Antoni,161,27428
2022,2,L'Eixample,10,Sant Antoni,162,24564
2022,2,L'Eixample,10,Sant Antoni,163,28747
2022,2,L'Eixample,10,Sant Antoni,164,26834
2022,2,L'Eixample,10,Sant Antoni,165,28205
2022,2,L'Eixample,10,Sant Antoni,166,26365
2022,2,L'Eixample,10,Sant Antoni,167,27526
2022,2,L'Eixample,10,Sant Antoni,168,26324
2022,2,L'Eixample,10,Sant Antoni,169,26838
2022,2,L'Eixample,10,Sant Antoni,170,27256
2022,2,L'Eixample,10,Sant Antoni,171,23625
2022,2,L'Eixample,10,Sant Antoni,172,24184
2022,2,L'Eixample,10,Sant Antoni,173,26535
2022,3,Sants-Montjuïc,11,el Poble Sec,1,22994
2022,3,Sants-Montjuïc,11,el Poble Sec,2,20424
2022,3,Sants-Montjuïc,11,el Poble Sec,3,19651
2022,3,Sants-Montjuïc,11,el Poble Sec,4,23790
2022,3,Sants-Montjuïc,11,el Poble Sec,5,20505
2022,3,Sants-Montjuïc,11,el Poble Sec,6,21557
2022,3,Sants-Montjuïc,11,el Poble Sec,7,20236
2022,3,Sants-Montjuïc,11,el Poble Sec,8,20138
2022,3,Sants-Montjuïc,11,el Poble Sec,9,21574
2022,3,Sants-Montjuïc,11,el Poble Sec,10,19468
2022,3,Sants-Montjuïc,11,el Poble Sec,11,17316
2022,3,Sants-Montjuïc,11,el Poble Sec,12,20227
2022,3,Sants-Montjuïc,11,el Poble Sec,13,18870
2022,3,Sants-Montjuïc,11,el Poble Sec,14,19147
2022,3,Sants-Montjuïc,11,el Poble Sec,15,19971
2022,3,Sants-Montjuïc,11,el Poble Sec,16,19694
2022,3,Sants-Montjuïc,11,el Poble Sec,17,18528
2022,3,Sants-Montjuïc,11,el Poble Sec,18,20827
2022,3,Sants-Montjuïc,11,el Poble Sec,19,19483
2022,3,Sants-Montjuïc,11,el Poble Sec,20,23306
2022,3,Sants-Montjuïc,11,el Poble Sec,21,23331
2022,3,Sants-Montjuïc,11,el Poble Sec,22,22247
2022,3,Sants-Montjuïc,11,el Poble Sec,23,19592
2022,3,Sants-Montjuïc,11,el Poble Sec,24,20060
2022,3,Sants-Montjuïc,12,la Marina del Prat Vermell,25,18969
2022,3,Sants-Montjuïc,13,la Marina de Port,26,21087
2022,3,Sants-Montjuïc,13,la Marina de Port,27,22626
2022,3,Sants-Montjuïc,13,la Marina de Port,28,26115
2022,3,Sants-Montjuïc,13,la Marina de Port,29,20401
2022,3,Sants-Montjuïc,13,la Marina de Port,30,21817
2022,3,Sants-Montjuïc,13,la Marina de Port,31,20724
2022,3,Sants-Montjuïc,13,la Marina de Port,32,18558
2022,3,Sants-Montjuïc,13,la Marina de Port,33,16870
2022,3,Sants-Montjuïc,13,la Marina de Port,34,20963
2022,3,Sants-Montjuïc,13,la Marina de Port,35,22613
2022,3,Sants-Montjuïc,13,la Marina de Port,36,24270
2022,3,Sants-Montjuïc,13,la Marina de Port,37,23594
2022,3,Sants-Montjuïc,13,la Marina de Port,38,17890
2022,3,Sants-Montjuïc,13,la Marina de Port,39,16397
2022,3,Sants-Montjuïc,14,la Font de la Guatlla,40,26640
2022,3,Sants-Montjuïc,14,la Font de la Guatlla,41,23366
2022,3,Sants-Montjuïc,14,la Font de la Guatlla,42,23585
2022,3,Sants-Montjuïc,14,la Font de la Guatlla,43,24283
2022,3,Sants-Montjuïc,14,la Font de la Guatlla,44,22636
2022,3,Sants-Montjuïc,14,la Font de la Guatlla,45,24066
2022,3,Sants-Montjuïc,14,la Font de la Guatlla,46,28584
2022,3,Sants-Montjuïc,15,Hostafrancs,47,22742
2022,3,Sants-Montjuïc,15,Hostafrancs,48,28903
2022,3,Sants-Montjuïc,15,Hostafrancs,49,24917
2022,3,Sants-Montjuïc,15,Hostafrancs,50,25178
2022,3,Sants-Montjuïc,15,Hostafrancs,51,20752
2022,3,Sants-Montjuïc,15,Hostafrancs,52,22756
2022,3,Sants-Montjuïc,15,Hostafrancs,53,21477
2022,3,Sants-Montjuïc,15,Hostafrancs,54,25522
2022,3,Sants-Montjuïc,15,Hostafrancs,55,23957
2022,3,Sants-Montjuïc,15,Hostafrancs,56,22611
2022,3,Sants-Montjuïc,16,la Bordeta,57,23140
2022,3,Sants-Montjuïc,16,la Bordeta,58,30727
2022,3,Sants-Montjuïc,16,la Bordeta,59,21859
2022,3,Sants-Montjuïc,16,la Bordeta,60,26599
2022,3,Sants-Montjuïc,16,la Bordeta,61,22912
2022,3,Sants-Montjuïc,16,la Bordeta,62,23514
2022,3,Sants-Montjuïc,16,la Bordeta,63,24296
2022,3,Sants-Montjuïc,16,la Bordeta,64,25041
2022,3,Sants-Montjuïc,16,la Bordeta,65,24688
2022,3,Sants-Montjuïc,16,la Bordeta,66,22519
2022,3,Sants-Montjuïc,16,la Bordeta,67,24775
2022,3,Sants-Montjuïc,16,la Bordeta,68,20651
2022,3,Sants-Montjuïc,16,la Bordeta,69,25677
2022,3,Sants-Montjuïc,17,Sants-Badal,70,20423
2022,3,Sants-Montjuïc,17,Sants-Badal,71,20399
2022,3,Sants-Montjuïc,17,Sants-Badal,72,20329
2022,3,Sants-Montjuïc,17,Sants-Badal,73,24868
2022,3,Sants-Montjuïc,17,Sants-Badal,74,23557
2022,3,Sants-Montjuïc,17,Sants-Badal,75,21743
2022,3,Sants-Montjuïc,17,Sants-Badal,76,21995
2022,3,Sants-Montjuïc,17,Sants-Badal,77,22500
2022,3,Sants-Montjuïc,17,Sants-Badal,78,21242
2022,3,Sants-Montjuïc,17,Sants-Badal,79,20763
2022,3,Sants-Montjuïc,17,Sants-Badal,80,22839
2022,3,Sants-Montjuïc,17,Sants-Badal,81,23915
2022,3,Sants-Montjuïc,17,Sants-Badal,82,27277
2022,3,Sants-Montjuïc,17,Sants-Badal,83,24809
2022,3,Sants-Montjuïc,17,Sants-Badal,84,25594
2022,3,Sants-Montjuïc,17,Sants-Badal,85,27932
2022,3,Sants-Montjuïc,18,Sants,86,30455
2022,3,Sants-Montjuïc,18,Sants,87,29347
2022,3,Sants-Montjuïc,18,Sants,88,25576
2022,3,Sants-Montjuïc,18,Sants,89,27349
2022,3,Sants-Montjuïc,18,Sants,90,29973
2022,3,Sants-Montjuïc,18,Sants,91,27046
2022,3,Sants-Montjuïc,18,Sants,92,25586
2022,3,Sants-Montjuïc,18,Sants,93,26943
2022,3,Sants-Montjuïc,18,Sants,94,26702
2022,3,Sants-Montjuïc,18,Sants,95,25197
2022,3,Sants-Montjuïc,18,Sants,96,23278
2022,3,Sants-Montjuïc,18,Sants,97,18641
2022,3,Sants-Montjuïc,18,Sants,98,21537
2022,3,Sants-Montjuïc,18,Sants,99,24214
2022,3,Sants-Montjuïc,18,Sants,100,23929
2022,3,Sants-Montjuïc,18,Sants,101,23757
2022,3,Sants-Montjuïc,18,Sants,102,24296
2022,3,Sants-Montjuïc,18,Sants,103,24684
2022,3,Sants-Montjuïc,18,Sants,104,23636
2022,3,Sants-Montjuïc,18,Sants,105,22880
2022,3,Sants-Montjuïc,18,Sants,106,24612
2022,3,Sants-Montjuïc,18,Sants,107,24893
2022,3,Sants-Montjuïc,18,Sants,108,24775
2022,3,Sants-Montjuïc,18,Sants,109,26106
2022,3,Sants-Montjuïc,18,Sants,110,26056
2022,3,Sants-Montjuïc,18,Sants,111,26795
2022,3,Sants-Montjuïc,18,Sants,112,28805
2022,3,Sants-Montjuïc,18,Sants,113,34090
2022,3,Sants-Montjuïc,18,Sants,114,32454
2022,3,Sants-Montjuïc,13,la Marina de Port,211,22895
2022,3,Sants-Montjuïc,13,la Marina de Port,212,20464
2022,3,Sants-Montjuïc,13,la Marina de Port,213,17941
2022,4,Les Corts,19,les Corts,1,29530
2022,4,Les Corts,19,les Corts,2,32660
2022,4,Les Corts,19,les Corts,3,31349
2022,4,Les Corts,19,les Corts,4,29352
2022,4,Les Corts,19,les Corts,5,28990
2022,4,Les Corts,19,les Corts,6,30755
2022,4,Les Corts,19,les Corts,7,27573
2022,4,Les Corts,19,les Corts,8,26388
2022,4,Les Corts,19,les Corts,9,30313
2022,4,Les Corts,19,les Corts,10,35812
2022,4,Les Corts,19,les Corts,11,36371
2022,4,Les Corts,19,les Corts,12,33611
2022,4,Les Corts,19,les Corts,13,36149
2022,4,Les Corts,19,les Corts,14,35659
2022,4,Les Corts,19,les Corts,15,32218
2022,4,Les Corts,19,les Corts,16,35290
2022,4,Les Corts,19,les Corts,17,34254
2022,4,Les Corts,19,les Corts,18,36421
2022,4,Les Corts,19,les Corts,19,44543
2022,4,Les Corts,19,les Corts,20,37686
2022,4,Les Corts,19,les Corts,21,41612
2022,4,Les Corts,19,les Corts,22,32625
2022,4,Les Corts,19,les Corts,23,52752
2022,4,Les Corts,19,les Corts,24,55162
2022,4,Les Corts,19,les Corts,25,33445
2022,4,Les Corts,19,les Corts,26,33056
2022,4,Les Corts,19,les Corts,27,35631
2022,4,Les Corts,19,les Corts,28,31428
2022,4,Les Corts,19,les Corts,29,39337
2022,4,Les Corts,19,les Corts,30,35669
2022,4,Les Corts,19,les Corts,31,30971
2022,4,Les Corts,19,les Corts,32,30079
2022,4,Les Corts,19,les Corts,33,28934
2022,4,Les Corts,19,les Corts,34,37343
2022,4,Les Corts,19,les Corts,35,32664
2022,4,Les Corts,20,la Maternitat i Sant Ramon,36,28196
2022,4,Les Corts,20,la Maternitat i Sant Ramon,37,30099
2022,4,Les Corts,20,la Maternitat i Sant Ramon,38,29371
2022,4,Les Corts,20,la Maternitat i Sant Ramon,39,28143
2022,4,Les Corts,20,la Maternitat i Sant Ramon,40,23402
2022,4,Les Corts,20,la Maternitat i Sant Ramon,41,24280
2022,4,Les Corts,20,la Maternitat i Sant Ramon,42,22850
2022,4,Les Corts,20,la Maternitat i Sant Ramon,43,35265
2022,4,Les Corts,20,la Maternitat i Sant Ramon,44,26665
2022,4,Les Corts,20,la Maternitat i Sant Ramon,45,26970
2022,4,Les Corts,20,la Maternitat i Sant Ramon,46,37928
2022,4,Les Corts,20,la Maternitat i Sant Ramon,47,32470
2022,4,Les Corts,20,la Maternitat i Sant Ramon,48,34644
2022,4,Les Corts,20,la Maternitat i Sant Ramon,49,48382
2022,4,Les Corts,21,Pedralbes,50,55987
2022,4,Les Corts,21,Pedralbes,51,39002
2022,4,Les Corts,21,Pedralbes,52,55987
2022,4,Les Corts,21,Pedralbes,53,37426
2022,4,Les Corts,21,Pedralbes,54,48403
2022,4,Les Corts,21,Pedralbes,55,55987
2022,4,Les Corts,21,Pedralbes,56,55987
2022,4,Les Corts,20,la Maternitat i Sant Ramon,84,36812
2022,5,Sarrià-Sant Gervasi,22,"Vallvidrera, el Tibidabo i les Planes",1,28261
2022,5,Sarrià-Sant Gervasi,22,"Vallvidrera, el Tibidabo i les Planes",2,44665
2022,5,Sarrià-Sant Gervasi,22,"Vallvidrera, el Tibidabo i les Planes",3,42818
2022,5,Sarrià-Sant Gervasi,23,Sarrià,4,55987
2022,5,Sarrià-Sant Gervasi,23,Sarrià,5,45833
2022,5,Sarrià-Sant Gervasi,23,Sarrià,6,55987
2022,5,Sarrià-Sant Gervasi,23,Sarrià,7,45406
2022,5,Sarrià-Sant Gervasi,23,Sarrià,8,55987
2022,5,Sarrià-Sant Gervasi,23,Sarrià,9,40742
2022,5,Sarrià-Sant Gervasi,23,Sarrià,10,37773
2022,5,Sarrià-Sant Gervasi,23,Sarrià,11,41909
2022,5,Sarrià-Sant Gervasi,23,Sarrià,12,37792
2022,5,Sarrià-Sant Gervasi,23,Sarrià,13,42187
2022,5,Sarrià-Sant Gervasi,23,Sarrià,14,49461
2022,5,Sarrià-Sant Gervasi,23,Sarrià,15,40974
2022,5,Sarrià-Sant Gervasi,23,Sarrià,16,34450
2022,5,Sarrià-Sant Gervasi,23,Sarrià,17,55987
2022,5,Sarrià-Sant Gervasi,23,Sarrià,18,39160
2022,5,Sarrià-Sant Gervasi,23,Sarrià,19,50901
2022,5,Sarrià-Sant Gervasi,24,les Tres Torres,20,47299
2022,5,Sarrià-Sant Gervasi,24,les Tres Torres,21,55987
2022,5,Sarrià-Sant Gervasi,24,les Tres Torres,22,55987
2022,5,Sarrià-Sant Gervasi,24,les Tres Torres,23,34378
2022,5,Sarrià-Sant Gervasi,24,les Tres Torres,24,55629
2022,5,Sarrià-Sant Gervasi,24,les Tres Torres,25,55987
2022,5,Sarrià-Sant Gervasi,24,les Tres Torres,26,55987
2022,5,Sarrià-Sant Gervasi,24,les Tres Torres,27,55987
2022,5,Sarrià-Sant Gervasi,24,les Tres Torres,28,55987
2022,5,Sarrià-Sant Gervasi,24,les Tres Torres,29,55987
2022,5,Sarrià-Sant Gervasi,24,les Tres Torres,30,55987
2022,5,Sarrià-Sant Gervasi,25,Sant Gervasi- la Bonanova,31,55987
2022,5,Sarrià-Sant Gervasi,25,Sant Gervasi- la Bonanova,32,55987
2022,5,Sarrià-Sant Gervasi,25,Sant Gervasi- la Bonanova,33,51542
2022,5,Sarrià-Sant Gervasi,25,Sant Gervasi- la Bonanova,34,40486
2022,5,Sarrià-Sant Gervasi,25,Sant Gervasi- la Bonanova,35,55987
2022,5,Sarrià-Sant Gervasi,25,Sant Gervasi- la Bonanova,36,51357
2022,5,Sarrià-Sant Gervasi,25,Sant Gervasi- la Bonanova,37,34736
2022,5,Sarrià-Sant Gervasi,25,Sant Gervasi- la Bonanova,38,34415
2022,5,Sarrià-Sant Gervasi,25,Sant Gervasi- la Bonanova,39,47266
2022,5,Sarrià-Sant Gervasi,25,Sant Gervasi- la Bonanova,40,34972
2022,5,Sarrià-Sant Gervasi,25,Sant Gervasi- la Bonanova,41,39271
2022,5,Sarrià-Sant Gervasi,25,Sant Gervasi- la Bonanova,42,41069
2022,5,Sarrià-Sant Gervasi,25,Sant Gervasi- la Bonanova,43,35493
2022,5,Sarrià-Sant Gervasi,25,Sant Gervasi- la Bonanova,44,37922
2022,5,Sarrià-Sant Gervasi,25,Sant Gervasi- la Bonanova,45,49987
2022,5,Sarrià-Sant Gervasi,25,Sant Gervasi- la Bonanova,46,55987
2022,5,Sarrià-Sant Gervasi,25,Sant Gervasi- la Bonanova,47,48020
2022,5,Sarrià-Sant Gervasi,25,Sant Gervasi- la Bonanova,48,50595
2022,5,Sarrià-Sant Gervasi,26,Sant Gervasi- Galvany,49,55987
2022,5,Sarrià-Sant Gervasi,26,Sant Gervasi- Galvany,50,41285
2022,5,Sarrià-Sant Gervasi,26,Sant Gervasi- Galvany,51,51106
2022,5,Sarrià-Sant Gervasi,26,Sant Gervasi- Galvany,52,55987
2022,5,Sarrià-Sant Gervasi,26,Sant Gervasi- Galvany,53,55987
2022,5,Sarrià-Sant Gervasi,26,Sant Gervasi- Galvany,54,55987
2022,5,Sarrià-Sant Gervasi,26,Sant Gervasi- Galvany,55,55987
2022,5,Sarrià-Sant Gervasi,26,Sant Gervasi- Galvany,56,49046
2022,5,Sarrià-Sant Gervasi,26,Sant Gervasi- Galvany,57,55987
2022,5,Sarrià-Sant Gervasi,26,Sant Gervasi- Galvany,58,55209
2022,5,Sarrià-Sant Gervasi,26,Sant Gervasi- Galvany,59,49050
2022,5,Sarrià-Sant Gervasi,26,Sant Gervasi- Galvany,60,55987
2022,5,Sarrià-Sant Gervasi,26,Sant Gervasi- Galvany,61,36461
2022,5,Sarrià-Sant Gervasi,26,Sant Gervasi- Galvany,62,48531
2022,5,Sarrià-Sant Gervasi,26,Sant Gervasi- Galvany,63,47950
2022,5,Sarrià-Sant Gervasi,26,Sant Gervasi- Galvany,64,46381
2022,5,Sarrià-Sant Gervasi,26,Sant Gervasi- Galvany,65,39275
2022,5,Sarrià-Sant Gervasi,26,Sant Gervasi- Galvany,66,46841
2022,5,Sarrià-Sant Gervasi,26,Sant Gervasi- Galvany,67,45265
2022,5,Sarrià-Sant Gervasi,26,Sant Gervasi- Galvany,68,40382
2022,5,Sarrià-Sant Gervasi,26,Sant Gervasi- Galvany,69,39911
2022,5,Sarrià-Sant Gervasi,26,Sant Gervasi- Galvany,70,37034
2022,5,Sarrià-Sant Gervasi,26,Sant Gervasi- Galvany,71,35468
2022,5,Sarrià-Sant Gervasi,26,Sant Gervasi- Galvany,72,41561
2022,5,Sarrià-Sant Gervasi,26,Sant Gervasi- Galvany,73,36128
2022,5,Sarrià-Sant Gervasi,26,Sant Gervasi- Galvany,74,43499
2022,5,Sarrià-Sant Gervasi,26,Sant Gervasi- Galvany,75,38152
2022,5,Sarrià-Sant Gervasi,26,Sant Gervasi- Galvany,76,40028
2022,5,Sarrià-Sant Gervasi,26,Sant Gervasi- Galvany,77,44341
2022,5,Sarrià-Sant Gervasi,26,Sant Gervasi- Galvany,78,45278
2022,5,Sarrià-Sant Gervasi,26,Sant Gervasi- Galvany,79,39528
2022,5,Sarrià-Sant Gervasi,27,el Putxet i el Farró,80,36487
2022,5,Sarrià-Sant Gervasi,27,el Putxet i el Farró,81,34411
2022,5,Sarrià-Sant Gervasi,27,el Putxet i el Farró,82,33094
2022,5,Sarrià-Sant Gervasi,27,el Putxet i el Farró,83,34028
2022,5,Sarrià-Sant Gervasi,27,el Putxet i el Farró,84,34285
2022,5,Sarrià-Sant Gervasi,27,el Putxet i el Farró,85,30958
2022,5,Sarrià-Sant Gervasi,27,el Putxet i el Farró,86,33017
2022,5,Sarrià-Sant Gervasi,27,el Putxet i el Farró,87,35259
2022,5,Sarrià-Sant Gervasi,27,el Putxet i el Farró,88,37261
2022,5,Sarrià-Sant Gervasi,27,el Putxet i el Farró,89,36682
2022,5,Sarrià-Sant Gervasi,27,el Putxet i el Farró,90,33541
2022,5,Sarrià-Sant Gervasi,27,el Putxet i el Farró,91,32963
2022,5,Sarrià-Sant Gervasi,27,el Putxet i el Farró,92,47761
2022,5,Sarrià-Sant Gervasi,27,el Putxet i el Farró,93,38542
2022,5,Sarrià-Sant Gervasi,27,el Putxet i el Farró,94,44631
2022,5,Sarrià-Sant Gervasi,27,el Putxet i el Farró,95,32893
2022,5,Sarrià-Sant Gervasi,27,el Putxet i el Farró,96,30744
2022,5,Sarrià-Sant Gervasi,27,el Putxet i el Farró,97,36764
2022,5,Sarrià-Sant Gervasi,27,el Putxet i el Farró,98,34261
2022,6,Gràcia,28,Vallcarca i els Penitents,1,27414
2022,6,Gràcia,28,Vallcarca i els Penitents,2,28337
2022,6,Gràcia,28,Vallcarca i els Penitents,3,25578
2022,6,Gràcia,28,Vallcarca i els Penitents,4,29645
2022,6,Gràcia,28,Vallcarca i els Penitents,6,39020
2022,6,Gràcia,28,Vallcarca i els Penitents,7,32786
2022,6,Gràcia,28,Vallcarca i els Penitents,8,28807
2022,6,Gràcia,28,Vallcarca i els Penitents,9,39719
2022,6,Gràcia,28,Vallcarca i els Penitents,10,34796
2022,6,Gràcia,28,Vallcarca i els Penitents,11,32715
2022,6,Gràcia,28,Vallcarca i els Penitents,12,37203
2022,6,Gràcia,29,el Coll,13,27618
2022,6,Gràcia,29,el Coll,14,24652
2022,6,Gràcia,29,el Coll,15,24515
2022,6,Gràcia,29,el Coll,16,22454
2022,6,Gràcia,29,el Coll,17,24551
2022,6,Gràcia,30,la Salut,18,25897
2022,6,Gràcia,30,la Salut,19,26918
2022,6,Gràcia,30,la Salut,20,29452
2022,6,Gràcia,30,la Salut,21,32708
2022,6,Gràcia,30,la Salut,22,29950
2022,6,Gràcia,30,la Salut,23,38913
2022,6,Gràcia,30,la Salut,24,28865
2022,6,Gràcia,30,la Salut,25,32711
2022,6,Gràcia,30,la Salut,26,30030
2022,6,Gràcia,30,la Salut,27,31356
2022,6,Gràcia,31,la Vila de Gràcia,28,24858
2022,6,Gràcia,31,la Vila de Gràcia,29,29152
2022,6,Gràcia,31,la Vila de Gràcia,30,25343
2022,6,Gràcia,31,la Vila de Gràcia,31,27468
2022,6,Gràcia,31,la Vila de Gràcia,32,26576
2022,6,Gràcia,31,la Vila de Gràcia,33,28236
2022,6,Gràcia,31,la Vila de Gràcia,34,26750
2022,6,Gràcia,31,la Vila de Gràcia,35,33370
2022,6,Gràcia,31,la Vila de Gràcia,36,31058
2022,6,Gràcia,31,la Vila de Gràcia,37,30878
2022,6,Gràcia,31,la Vila de Gràcia,38,27679
2022,6,Gràcia,31,la Vila de Gràcia,39,26306
2022,6,Gràcia,31,la Vila de Gràcia,40,30853
2022,6,Gràcia,31,la Vila de Gràcia,41,31774
2022,6,Gràcia,31,la Vila de Gràcia,42,33549
2022,6,Gràcia,31,la Vila de Gràcia,43,31711
2022,6,Gràcia,31,la Vila de Gràcia,44,36382
2022,6,Gràcia,31,la Vila de Gràcia,45,29858
2022,6,Gràcia,31,la Vila de Gràcia,46,27275
2022,6,Gràcia,31,la Vila de Gràcia,47,25310
2022,6,Gràcia,31,la Vila de Gràcia,48,26647
2022,6,Gràcia,31,la Vila de Gràcia,49,28327
2022,6,Gràcia,31,la Vila de Gràcia,50,24480
2022,6,Gràcia,31,la Vila de Gràcia,51,28093
2022,6,Gràcia,31,la Vila de Gràcia,52,27671
2022,6,Gràcia,31,la Vila de Gràcia,53,29223
2022,6,Gràcia,31,la Vila de Gràcia,54,25731
2022,6,Gràcia,31,la Vila de Gràcia,55,28691
2022,6,Gràcia,31,la Vila de Gràcia,56,26114
2022,6,Gràcia,31,la Vila de Gràcia,57,24563
2022,6,Gràcia,31,la Vila de Gràcia,58,28594
2022,6,Gràcia,31,la Vila de Gràcia,59,25917
2022,6,Gràcia,31,la Vila de Gràcia,60,26015
2022,6,Gràcia,31,la Vila de Gràcia,61,25575
2022,6,Gràcia,31,la Vila de Gràcia,62,24953
2022,6,Gràcia,31,la Vila de Gràcia,63,26385
2022,6,Gràcia,32,el Camp d'en Grassot i Gràcia Nova,64,28883
2022,6,Gràcia,32,el Camp d'en Grassot i Gràcia Nova,65,31258
2022,6,Gràcia,32,el Camp d'en Grassot i Gràcia Nova,66,29101
2022,6,Gràcia,32,el Camp d'en Grassot i Gràcia Nova,67,27655
2022,6,Gràcia,32,el Camp d'en Grassot i Gràcia Nova,68,32387
2022,6,Gràcia,32,el Camp d'en Grassot i Gràcia Nova,69,30574
2022,6,Gràcia,32,el Camp d'en Grassot i Gràcia Nova,70,27497
2022,6,Gràcia,32,el Camp d'en Grassot i Gràcia Nova,71,28943
2022,6,Gràcia,32,el Camp d'en Grassot i Gràcia Nova,72,33562
2022,6,Gràcia,32,el Camp d'en Grassot i Gràcia Nova,73,27392
2022,6,Gràcia,32,el Camp d'en Grassot i Gràcia Nova,74,28016
2022,6,Gràcia,32,el Camp d'en Grassot i Gràcia Nova,75,32985
2022,6,Gràcia,32,el Camp d'en Grassot i Gràcia Nova,76,30211
2022,6,Gràcia,32,el Camp d'en Grassot i Gràcia Nova,77,26227
2022,6,Gràcia,32,el Camp d'en Grassot i Gràcia Nova,78,25906
2022,6,Gràcia,32,el Camp d'en Grassot i Gràcia Nova,79,28906
2022,6,Gràcia,32,el Camp d'en Grassot i Gràcia Nova,80,27328
2022,6,Gràcia,32,el Camp d'en Grassot i Gràcia Nova,81,27570
2022,6,Gràcia,32,el Camp d'en Grassot i Gràcia Nova,82,28703
2022,6,Gràcia,32,el Camp d'en Grassot i Gràcia Nova,83,30680
2022,6,Gràcia,32,el Camp d'en Grassot i Gràcia Nova,84,27881
2022,6,Gràcia,32,el Camp d'en Grassot i Gràcia Nova,85,30170
2022,6,Gràcia,32,el Camp d'en Grassot i Gràcia Nova,86,34416
2022,6,Gràcia,32,el Camp d'en Grassot i Gràcia Nova,87,32755
2022,6,Gràcia,32,el Camp d'en Grassot i Gràcia Nova,88,28888
2022,7,Horta-Guinardó,33,el Baix Guinardó,1,29308
2022,7,Horta-Guinardó,33,el Baix Guinardó,2,25069
2022,7,Horta-Guinardó,33,el Baix Guinardó,3,26999
2022,7,Horta-Guinardó,33,el Baix Guinardó,4,24582
2022,7,Horta-Guinardó,33,el Baix Guinardó,5,24931
2022,7,Horta-Guinardó,33,el Baix Guinardó,6,28366
2022,7,Horta-Guinardó,33,el Baix Guinardó,7,24917
2022,7,Horta-Guinardó,33,el Baix Guinardó,8,27420
2022,7,Horta-Guinardó,33,el Baix Guinardó,9,24216
2022,7,Horta-Guinardó,33,el Baix Guinardó,10,28183
2022,7,Horta-Guinardó,33,el Baix Guinardó,11,24502
2022,7,Horta-Guinardó,33,el Baix Guinardó,12,23997
2022,7,Horta-Guinardó,33,el Baix Guinardó,13,27859
2022,7,Horta-Guinardó,33,el Baix Guinardó,14,21683
2022,7,Horta-Guinardó,33,el Baix Guinardó,15,25313
2022,7,Horta-Guinardó,33,el Baix Guinardó,16,29017
2022,7,Horta-Guinardó,33,el Baix Guinardó,17,25274
2022,7,Horta-Guinardó,33,el Baix Guinardó,18,25227
2022,7,Horta-Guinardó,33,el Baix Guinardó,19,26372
2022,7,Horta-Guinardó,34,Can Baró,20,24152
2022,7,Horta-Guinardó,34,Can Baró,21,29394
2022,7,Horta-Guinardó,34,Can Baró,22,25258
2022,7,Horta-Guinardó,34,Can Baró,23,21393
2022,7,Horta-Guinardó,34,Can Baró,24,23643
2022,7,Horta-Guinardó,34,Can Baró,25,22550
2022,7,Horta-Guinardó,34,Can Baró,26,23655
2022,7,Horta-Guinardó,35,el Guinardó,27,23135
2022,7,Horta-Guinardó,35,el Guinardó,28,24363
2022,7,Horta-Guinardó,35,el Guinardó,29,26621
2022,7,Horta-Guinardó,35,el Guinardó,30,22511
2022,7,Horta-Guinardó,35,el Guinardó,31,21635
2022,7,Horta-Guinardó,35,el Guinardó,32,24417
2022,7,Horta-Guinardó,35,el Guinardó,33,25723
2022,7,Horta-Guinardó,35,el Guinardó,34,28627
2022,7,Horta-Guinardó,35,el Guinardó,35,28453
2022,7,Horta-Guinardó,35,el Guinardó,36,28203
2022,7,Horta-Guinardó,35,el Guinardó,37,24685
2022,7,Horta-Guinardó,35,el Guinardó,38,24284
2022,7,Horta-Guinardó,35,el Guinardó,39,26457
2022,7,Horta-Guinardó,35,el Guinardó,40,25113
2022,7,Horta-Guinardó,35,el Guinardó,41,22981
2022,7,Horta-Guinardó,35,el Guinardó,42,24801
2022,7,Horta-Guinardó,35,el Guinardó,43,25402
2022,7,Horta-Guinardó,35,el Guinardó,44,26774
2022,7,Horta-Guinardó,35,el Guinardó,45,23651
2022,7,Horta-Guinardó,35,el Guinardó,46,23931
2022,7,Horta-Guinardó,35,el Guinardó,47,23916
2022,7,Horta-Guinardó,35,el Guinardó,48,25000
2022,7,Horta-Guinardó,35,el Guinardó,49,24144
2022,7,Horta-Guinardó,35,el Guinardó,50,23680
2022,7,Horta-Guinardó,35,el Guinardó,51,24694
2022,7,Horta-Guinardó,36,la Font d'en Fargues,52,33063
2022,7,Horta-Guinardó,36,la Font d'en Fargues,53,27449
2022,7,Horta-Guinardó,36,la Font d'en Fargues,54,34836
2022,7,Horta-Guinardó,36,la Font d'en Fargues,55,37912
2022,7,Horta-Guinardó,36,la Font d'en Fargues,56,27888
2022,7,Horta-Guinardó,36,la Font d'en Fargues,57,28449
2022,7,Horta-Guinardó,36,la Font d'en Fargues,58,26895
2022,7,Horta-Guinardó,37,el Carmel,59,20536
2022,7,Horta-Guinardó,37,el Carmel,60,19936
2022,7,Horta-Guinardó,37,el Carmel,61,20715
2022,7,Horta-Guinardó,37,el Carmel,62,20700
2022,7,Horta-Guinardó,37,el Carmel,63,17953
2022,7,Horta-Guinardó,37,el Carmel,64,18460
2022,7,Horta-Guinardó,37,el Carmel,65,16746
2022,7,Horta-Guinardó,37,el Carmel,66,17373
2022,7,Horta-Guinardó,37,el Carmel,67,17363
2022,7,Horta-Guinardó,37,el Carmel,68,16606
2022,7,Horta-Guinardó,37,el Carmel,69,17268
2022,7,Horta-Guinardó,37,el Carmel,70,18509
2022,7,Horta-Guinardó,37,el Carmel,71,20621
2022,7,Horta-Guinardó,37,el Carmel,72,20006
2022,7,Horta-Guinardó,37,el Carmel,73,17838
2022,7,Horta-Guinardó,37,el Carmel,74,18319
2022,7,Horta-Guinardó,37,el Carmel,75,17961
2022,7,Horta-Guinardó,37,el Carmel,76,18640
2022,7,Horta-Guinardó,37,el Carmel,77,18309
2022,7,Horta-Guinardó,37,el Carmel,78,18732
2022,7,Horta-Guinardó,37,el Carmel,79,17945
2022,7,Horta-Guinardó,37,el Carmel,80,19820
2022,7,Horta-Guinardó,38,la Teixonera,81,21141
2022,7,Horta-Guinardó,38,la Teixonera,82,19876
2022,7,Horta-Guinardó,38,la Teixonera,83,18793
2022,7,Horta-Guinardó,38,la Teixonera,84,19964
2022,7,Horta-Guinardó,38,la Teixonera,85,21147
2022,7,Horta-Guinardó,38,la Teixonera,86,19720
2022,7,Horta-Guinardó,38,la Teixonera,87,21196
2022,7,Horta-Guinardó,38,la Teixonera,88,20874
2022,7,Horta-Guinardó,39,Sant Genís dels Agudells,89,24747
2022,7,Horta-Guinardó,39,Sant Genís dels Agudells,90,22068
2022,7,Horta-Guinardó,39,Sant Genís dels Agudells,91,22288
2022,7,Horta-Guinardó,39,Sant Genís dels Agudells,92,16808
2022,7,Horta-Guinardó,39,Sant Genís dels Agudells,93,21177
2022,7,Horta-Guinardó,40,Montbau,94,22924
2022,7,Horta-Guinardó,40,Montbau,95,23247
2022,7,Horta-Guinardó,40,Montbau,96,21451
2022,7,Horta-Guinardó,40,Montbau,97,26886
2022,7,Horta-Guinardó,41,la Vall d'Hebron,98,33096
2022,7,Horta-Guinardó,41,la Vall d'Hebron,99,27572
2022,7,Horta-Guinardó,41,la Vall d'Hebron,100,24098
2022,7,Horta-Guinardó,41,la Vall d'Hebron,101,24355
2022,7,Horta-Guinardó,42,la Clota,102,24034
2022,7,Horta-Guinardó,43,Horta,103,22319
2022,7,Horta-Guinardó,43,Horta,104,20988
2022,7,Horta-Guinardó,43,Horta,105,26601
2022,7,Horta-Guinardó,43,Horta,106,25609
2022,7,Horta-Guinardó,43,Horta,107,29449
2022,7,Horta-Guinardó,43,Horta,108,26037
2022,7,Horta-Guinardó,43,Horta,109,20757
2022,7,Horta-Guinardó,43,Horta,110,25400
2022,7,Horta-Guinardó,43,Horta,111,29536
2022,7,Horta-Guinardó,43,Horta,112,25910
2022,7,Horta-Guinardó,43,Horta,113,22367
2022,7,Horta-Guinardó,43,Horta,114,26423
2022,7,Horta-Guinardó,43,Horta,115,30763
2022,7,Horta-Guinardó,43,Horta,116,24319
2022,7,Horta-Guinardó,43,Horta,117,25815
2022,7,Horta-Guinardó,43,Horta,118,24733
2022,7,Horta-Guinardó,43,Horta,119,21555
2022,7,Horta-Guinardó,43,Horta,120,22728
2022,7,Horta-Guinardó,43,Horta,121,20173
2022,7,Horta-Guinardó,43,Horta,122,23325
2022,7,Horta-Guinardó,43,Horta,123,25709
2022,8,Nou Barris,44,Vilapicina i la Torre Llobeta,1,22994
2022,8,Nou Barris,44,Vilapicina i la Torre Llobeta,2,24959
2022,8,Nou Barris,44,Vilapicina i la Torre Llobeta,3,22455
2022,8,Nou Barris,44,Vilapicina i la Torre Llobeta,4,21300
2022,8,Nou Barris,44,Vilapicina i la Torre Llobeta,5,23260
2022,8,Nou Barris,44,Vilapicina i la Torre Llobeta,6,23341
2022,8,Nou Barris,44,Vilapicina i la Torre Llobeta,7,24713
2022,8,Nou Barris,44,Vilapicina i la Torre Llobeta,8,24403
2022,8,Nou Barris,44,Vilapicina i la Torre Llobeta,9,21856
2022,8,Nou Barris,44,Vilapicina i la Torre Llobeta,10,26039
2022,8,Nou Barris,44,Vilapicina i la Torre Llobeta,11,25302
2022,8,Nou Barris,44,Vilapicina i la Torre Llobeta,12,24136
2022,8,Nou Barris,44,Vilapicina i la Torre Llobeta,13,22881
2022,8,Nou Barris,44,Vilapicina i la Torre Llobeta,14,21430
2022,8,Nou Barris,44,Vilapicina i la Torre Llobeta,15,20018
2022,8,Nou Barris,44,Vilapicina i la Torre Llobeta,16,22919
2022,8,Nou Barris,44,Vilapicina i la Torre Llobeta,17,24431
2022,8,Nou Barris,44,Vilapicina i la Torre Llobeta,18,22966
2022,8,Nou Barris,44,Vilapicina i la Torre Llobeta,19,20823
2022,8,Nou Barris,45,Porta,20,21904
2022,8,Nou Barris,45,Porta,21,22931
2022,8,Nou Barris,45,Porta,22,22809
2022,8,Nou Barris,45,Porta,23,20240
2022,8,Nou Barris,45,Porta,24,21618
2022,8,Nou Barris,45,Porta,25,19476
2022,8,Nou Barris,45,Porta,26,23053
2022,8,Nou Barris,45,Porta,27,25378
2022,8,Nou Barris,45,Porta,28,20888
2022,8,Nou Barris,45,Porta,29,18660
2022,8,Nou Barris,45,Porta,30,20696
2022,8,Nou Barris,45,Porta,31,21003
2022,8,Nou Barris,45,Porta,32,22159
2022,8,Nou Barris,45,Porta,33,18553
2022,8,Nou Barris,45,Porta,34,17523
2022,8,Nou Barris,45,Porta,35,20216
2022,8,Nou Barris,45,Porta,36,17388
2022,8,Nou Barris,45,Porta,37,19377
2022,8,Nou Barris,46,el Turó de la Peira,38,18487
2022,8,Nou Barris,46,el Turó de la Peira,39,18917
2022,8,Nou Barris,46,el Turó de la Peira,40,17125
2022,8,Nou Barris,46,el Turó de la Peira,41,14788
2022,8,Nou Barris,46,el Turó de la Peira,42,21914
2022,8,Nou Barris,46,el Turó de la Peira,43,20001
2022,8,Nou Barris,46,el Turó de la Peira,44,16894
2022,8,Nou Barris,46,el Turó de la Peira,45,16844
2022,8,Nou Barris,46,el Turó de la Peira,46,18286
2022,8,Nou Barris,46,el Turó de la Peira,47,15941
2022,8,Nou Barris,47,Can Peguera,48,15043
2022,8,Nou Barris,47,Can Peguera,49,17855
2022,8,Nou Barris,48,la Guineueta,50,26840
2022,8,Nou Barris,48,la Guineueta,51,24310
2022,8,Nou Barris,48,la Guineueta,52,22640
2022,8,Nou Barris,48,la Guineueta,53,25882
2022,8,Nou Barris,48,la Guineueta,54,22330
2022,8,Nou Barris,48,la Guineueta,55,28759
2022,8,Nou Barris,48,la Guineueta,56,20751
2022,8,Nou Barris,48,la Guineueta,57,21976
2022,8,Nou Barris,48,la Guineueta,58,19925
2022,8,Nou Barris,48,la Guineueta,59,21138
2022,8,Nou Barris,49,Canyelles,60,23302
2022,8,Nou Barris,49,Canyelles,61,20754
2022,8,Nou Barris,49,Canyelles,62,23143
2022,8,Nou Barris,49,Canyelles,63,25850
2022,8,Nou Barris,49,Canyelles,64,20242
2022,8,Nou Barris,50,les Roquetes,65,15972
2022,8,Nou Barris,50,les Roquetes,66,14775
2022,8,Nou Barris,50,les Roquetes,67,18255
2022,8,Nou Barris,50,les Roquetes,68,15758
2022,8,Nou Barris,50,les Roquetes,69,16244
2022,8,Nou Barris,50,les Roquetes,70,15892
2022,8,Nou Barris,50,les Roquetes,71,16911
2022,8,Nou Barris,50,les Roquetes,72,18666
2022,8,Nou Barris,50,les Roquetes,73,14173
2022,8,Nou Barris,50,les Roquetes,74,15748
2022,8,Nou Barris,51,Verdun,75,17989
2022,8,Nou Barris,51,Verdun,76,18753
2022,8,Nou Barris,51,Verdun,77,15997
2022,8,Nou Barris,51,Verdun,78,16420
2022,8,Nou Barris,51,Verdun,79,16400
2022,8,Nou Barris,51,Verdun,80,17504
2022,8,Nou Barris,51,Verdun,81,16087
2022,8,Nou Barris,51,Verdun,82,17572
2022,8,Nou Barris,52,la Prosperitat,83,18278
2022,8,Nou Barris,52,la Prosperitat,84,19704
2022,8,Nou Barris,52,la Prosperitat,85,18337
2022,8,Nou Barris,52,la Prosperitat,86,18861
2022,8,Nou Barris,52,la Prosperitat,87,18724
2022,8,Nou Barris,52,la Prosperitat,88,18674
2022,8,Nou Barris,52,la Prosperitat,89,19270
2022,8,Nou Barris,52,la Prosperitat,90,19814
2022,8,Nou Barris,52,la Prosperitat,91,19741
2022,8,Nou Barris,52,la Prosperitat,92,21026
2022,8,Nou Barris,52,la Prosperitat,93,18892
2022,8,Nou Barris,52,la Prosperitat,94,19851
2022,8,Nou Barris,52,la Prosperitat,95,23589
2022,8,Nou Barris,52,la Prosperitat,96,20167
2022,8,Nou Barris,52,la Prosperitat,97,18796
2022,8,Nou Barris,52,la Prosperitat,98,18037
2022,8,Nou Barris,52,la Prosperitat,99,17908
2022,8,Nou Barris,52,la Prosperitat,100,18204
2022,8,Nou Barris,52,la Prosperitat,101,20039
2022,8,Nou Barris,52,la Prosperitat,102,16626
2022,8,Nou Barris,53,la Trinitat Nova,103,14031
2022,8,Nou Barris,53,la Trinitat Nova,104,15967
2022,8,Nou Barris,53,la Trinitat Nova,105,16898
2022,8,Nou Barris,53,la Trinitat Nova,106,15585
2022,8,Nou Barris,53,la Trinitat Nova,107,16639
2022,8,Nou Barris,54,Torre Baró,108,15588
2022,8,Nou Barris,54,Torre Baró,109,15341
2022,8,Nou Barris,55,Ciutat Meridiana,110,12734
2022,8,Nou Barris,55,Ciutat Meridiana,111,13666
2022,8,Nou Barris,55,Ciutat Meridiana,112,14157
2022,8,Nou Barris,55,Ciutat Meridiana,113,13912
2022,8,Nou Barris,55,Ciutat Meridiana,114,15235
2022,8,Nou Barris,55,Ciutat Meridiana,115,14487
2022,8,Nou Barris,56,Vallbona,116,15851
2022,8,Nou Barris,48,la Guineueta,215,24051
2022,9,Sant Andreu,57,la Trinitat Vella,1,13706
2022,9,Sant Andreu,57,la Trinitat Vella,2,14609
2022,9,Sant Andreu,57,la Trinitat Vella,3,15342
2022,9,Sant Andreu,57,la Trinitat Vella,4,16081
2022,9,Sant Andreu,57,la Trinitat Vella,5,20499
2022,9,Sant Andreu,58,Baró de Viver,6,16604
2022,9,Sant Andreu,58,Baró de Viver,7,15391
2022,9,Sant Andreu,59,el Bon Pastor,8,29954
2022,9,Sant Andreu,59,el Bon Pastor,9,23016
2022,9,Sant Andreu,59,el Bon Pastor,10,19685
2022,9,Sant Andreu,59,el Bon Pastor,11,17274
2022,9,Sant Andreu,59,el Bon Pastor,13,14712
2022,9,Sant Andreu,59,el Bon Pastor,14,16887
2022,9,Sant Andreu,59,el Bon Pastor,15,16944
2022,9,Sant Andreu,60,Sant Andreu,16,24554
2022,9,Sant Andreu,60,Sant Andreu,17,25587
2022,9,Sant Andreu,60,Sant Andreu,18,24332
2022,9,Sant Andreu,60,Sant Andreu,19,27456
2022,9,Sant Andreu,60,Sant Andreu,20,25583
2022,9,Sant Andreu,60,Sant Andreu,21,26922
2022,9,Sant Andreu,60,Sant Andreu,22,29088
2022,9,Sant Andreu,60,Sant Andreu,23,27773
2022,9,Sant Andreu,60,Sant Andreu,24,26664
2022,9,Sant Andreu,60,Sant Andreu,25,27610
2022,9,Sant Andreu,60,Sant Andreu,26,27744
2022,9,Sant Andreu,60,Sant Andreu,27,27377
2022,9,Sant Andreu,60,Sant Andreu,28,31647
2022,9,Sant Andreu,60,Sant Andreu,29,23952
2022,9,Sant Andreu,60,Sant Andreu,30,27022
2022,9,Sant Andreu,60,Sant Andreu,31,28214
2022,9,Sant Andreu,60,Sant Andreu,32,21060
2022,9,Sant Andreu,60,Sant Andreu,33,23910
2022,9,Sant Andreu,60,Sant Andreu,34,20822
2022,9,Sant Andreu,60,Sant Andreu,35,24262
2022,9,Sant Andreu,60,Sant Andreu,36,25362
2022,9,Sant Andreu,60,Sant Andreu,37,21599
2022,9,Sant Andreu,60,Sant Andreu,38,26222
2022,9,Sant Andreu,60,Sant Andreu,39,25087
2022,9,Sant Andreu,60,Sant Andreu,40,27794
2022,9,Sant Andreu,60,Sant Andreu,41,24054
2022,9,Sant Andreu,60,Sant Andreu,42,26341
2022,9,Sant Andreu,60,Sant Andreu,43,23763
2022,9,Sant Andreu,60,Sant Andreu,44,25479
2022,9,Sant Andreu,60,Sant Andreu,45,25582
2022,9,Sant Andreu,60,Sant Andreu,46,27503
2022,9,Sant Andreu,60,Sant Andreu,47,27091
2022,9,Sant Andreu,60,Sant Andreu,48,24619
2022,9,Sant Andreu,60,Sant Andreu,49,24271
2022,9,Sant Andreu,60,Sant Andreu,50,25965
2022,9,Sant Andreu,60,Sant Andreu,51,26611
2022,9,Sant Andreu,60,Sant Andreu,52,25342
2022,9,Sant Andreu,60,Sant Andreu,53,27375
2022,9,Sant Andreu,60,Sant Andreu,54,26613
2022,9,Sant Andreu,61,la Sagrera,55,20771
2022,9,Sant Andreu,61,la Sagrera,56,25228
2022,9,Sant Andreu,61,la Sagrera,57,23077
2022,9,Sant Andreu,61,la Sagrera,58,25711
2022,9,Sant Andreu,61,la Sagrera,59,25323
2022,9,Sant Andreu,61,la Sagrera,60,23189
2022,9,Sant Andreu,61,la Sagrera,61,27256
2022,9,Sant Andreu,61,la Sagrera,62,26289
2022,9,Sant Andreu,61,la Sagrera,63,27437
2022,9,Sant Andreu,61,la Sagrera,64,25652
2022,9,Sant Andreu,61,la Sagrera,65,23577
2022,9,Sant Andreu,61,la Sagrera,66,27559
2022,9,Sant Andreu,61,la Sagrera,67,22210
2022,9,Sant Andreu,61,la Sagrera,68,25321
2022,9,Sant Andreu,61,la Sagrera,69,23768
2022,9,Sant Andreu,61,la Sagrera,70,17751
2022,9,Sant Andreu,61,la Sagrera,71,22403
2022,9,Sant Andreu,61,la Sagrera,72,19581
2022,9,Sant Andreu,61,la Sagrera,73,24474
2022,9,Sant Andreu,62,el Congrés i els Indians,74,22686
2022,9,Sant Andreu,62,el Congrés i els Indians,75,22320
2022,9,Sant Andreu,62,el Congrés i els Indians,76,22519
2022,9,Sant Andreu,62,el Congrés i els Indians,77,24276
2022,9,Sant Andreu,62,el Congrés i els Indians,78,25143
2022,9,Sant Andreu,62,el Congrés i els Indians,79,24929
2022,9,Sant Andreu,62,el Congrés i els Indians,80,25083
2022,9,Sant Andreu,62,el Congrés i els Indians,81,24081
2022,9,Sant Andreu,62,el Congrés i els Indians,82,23498
2022,9,Sant Andreu,63,Navas,83,24566
2022,9,Sant Andreu,63,Navas,84,26792
2022,9,Sant Andreu,63,Navas,85,24946
2022,9,Sant Andreu,63,Navas,86,24036
2022,9,Sant Andreu,63,Navas,87,26383
2022,9,Sant Andreu,63,Navas,88,22287
2022,9,Sant Andreu,63,Navas,89,23129
2022,9,Sant Andreu,63,Navas,90,22698
2022,9,Sant Andreu,63,Navas,91,24774
2022,9,Sant Andreu,63,Navas,92,24955
2022,9,Sant Andreu,63,Navas,93,24404
2022,9,Sant Andreu,63,Navas,94,24597
2022,9,Sant Andreu,63,Navas,95,25661
2022,9,Sant Andreu,61,la Sagrera,156,22808
2022,10,Sant Martí,64,el Camp de l'Arpa del Clot,1,22376
2022,10,Sant Martí,64,el Camp de l'Arpa del Clot,2,23902
2022,10,Sant Martí,64,el Camp de l'Arpa del Clot,3,24869
2022,10,Sant Martí,64,el Camp de l'Arpa del Clot,4,24353
2022,10,Sant Martí,64,el Camp de l'Arpa del Clot,5,25523
2022,10,Sant Martí,64,el Camp de l'Arpa del Clot,6,28192
2022,10,Sant Martí,64,el Camp de l'Arpa del Clot,7,33035
2022,10,Sant Martí,64,el Camp de l'Arpa del Clot,8,25355
2022,10,Sant Martí,64,el Camp de l'Arpa del Clot,9,25496
2022,10,Sant Martí,64,el Camp de l'Arpa del Clot,10,24381
2022,10,Sant Martí,64,el Camp de l'Arpa del Clot,11,27593
2022,10,Sant Martí,64,el Camp de l'Arpa del Clot,12,26809
2022,10,Sant Martí,64,el Camp de l'Arpa del Clot,13,25866
2022,10,Sant Martí,64,el Camp de l'Arpa del Clot,14,24511
2022,10,Sant Martí,64,el Camp de l'Arpa del Clot,15,24926
2022,10,Sant Martí,64,el Camp de l'Arpa del Clot,16,27330
2022,10,Sant Martí,64,el Camp de l'Arpa del Clot,17,25524
2022,10,Sant Martí,64,el Camp de l'Arpa del Clot,18,23141
2022,10,Sant Martí,64,el Camp de l'Arpa del Clot,19,25573
2022,10,Sant Martí,64,el Camp de l'Arpa del Clot,20,22620
2022,10,Sant Martí,64,el Camp de l'Arpa del Clot,21,22746
2022,10,Sant Martí,64,el Camp de l'Arpa del Clot,22,25106
2022,10,Sant Martí,64,el Camp de l'Arpa del Clot,23,24482
2022,10,Sant Martí,64,el Camp de l'Arpa del Clot,24,26266
2022,10,Sant Martí,64,el Camp de l'Arpa del Clot,25,24029
2022,10,Sant Martí,65,el Clot,26,27023
2022,10,Sant Martí,65,el Clot,27,25580
2022,10,Sant Martí,65,el Clot,28,24601
2022,10,Sant Martí,65,el Clot,29,24121
2022,10,Sant Martí,65,el Clot,30,24478
2022,10,Sant Martí,65,el Clot,31,24177
2022,10,Sant Martí,65,el Clot,32,27318
2022,10,Sant Martí,65,el Clot,33,28693
2022,10,Sant Martí,65,el Clot,34,24296
2022,10,Sant Martí,65,el Clot,35,28071
2022,10,Sant Martí,65,el Clot,36,28767
2022,10,Sant Martí,65,el Clot,37,19925
2022,10,Sant Martí,65,el Clot,38,26366
2022,10,Sant Martí,65,el Clot,39,23593
2022,10,Sant Martí,65,el Clot,40,24519
2022,10,Sant Martí,65,el Clot,41,25435
2022,10,Sant Martí,66,el Parc i la Llacuna del Poblenou,42,23617
2022,10,Sant Martí,66,el Parc i la Llacuna del Poblenou,43,26495
2022,10,Sant Martí,66,el Parc i la Llacuna del Poblenou,44,26246
2022,10,Sant Martí,66,el Parc i la Llacuna del Poblenou,45,28873
2022,10,Sant Martí,66,el Parc i la Llacuna del Poblenou,46,28045
2022,10,Sant Martí,66,el Parc i la Llacuna del Poblenou,47,28101
2022,10,Sant Martí,66,el Parc i la Llacuna del Poblenou,48,30050
2022,10,Sant Martí,66,el Parc i la Llacuna del Poblenou,49,26749
2022,10,Sant Martí,66,el Parc i la Llacuna del Poblenou,50,28676
2022,10,Sant Martí,67,la Vila Olímpica del Poblenou,51,29707
2022,10,Sant Martí,67,la Vila Olímpica del Poblenou,52,39926
2022,10,Sant Martí,67,la Vila Olímpica del Poblenou,53,47637
2022,10,Sant Martí,67,la Vila Olímpica del Poblenou,54,37485
2022,10,Sant Martí,67,la Vila Olímpica del Poblenou,55,42071
2022,10,Sant Martí,68,el Poblenou,56,24963
2022,10,Sant Martí,68,el Poblenou,57,23963
2022,10,Sant Martí,68,el Poblenou,58,23510
2022,10,Sant Martí,68,el Poblenou,59,29382
2022,10,Sant Martí,68,el Poblenou,60,24982
2022,10,Sant Martí,68,el Poblenou,61,29668
2022,10,Sant Martí,68,el Poblenou,62,29216
2022,10,Sant Martí,68,el Poblenou,63,28481
2022,10,Sant Martí,68,el Poblenou,64,28808
2022,10,Sant Martí,68,el Poblenou,65,28183
2022,10,Sant Martí,68,el Poblenou,66,29055
2022,10,Sant Martí,68,el Poblenou,67,37318
2022,10,Sant Martí,68,el Poblenou,68,31375
2022,10,Sant Martí,68,el Poblenou,69,33614
2022,10,Sant Martí,68,el Poblenou,70,25467
2022,10,Sant Martí,68,el Poblenou,71,29965
2022,10,Sant Martí,68,el Poblenou,72,27776
2022,10,Sant Martí,68,el Poblenou,73,24081
2022,10,Sant Martí,68,el Poblenou,74,24890
2022,10,Sant Martí,68,el Poblenou,75,25223
2022,10,Sant Martí,69,Diagonal Mar i el Front Marítim del Poblenou,76,29291
2022,10,Sant Martí,69,Diagonal Mar i el Front Marítim del Poblenou,77,34365
2022,10,Sant Martí,69,Diagonal Mar i el Front Marítim del Poblenou,78,35616
2022,10,Sant Martí,69,Diagonal Mar i el Front Marítim del Poblenou,79,29597
2022,10,Sant Martí,69,Diagonal Mar i el Front Marítim del Poblenou,80,45862
2022,10,Sant Martí,70,el Besòs i el Maresme,81,19568
2022,10,Sant Martí,70,el Besòs i el Maresme,82,12653
2022,10,Sant Martí,70,el Besòs i el Maresme,83,11841
2022,10,Sant Martí,70,el Besòs i el Maresme,84,14732
2022,10,Sant Martí,70,el Besòs i el Maresme,85,13766
2022,10,Sant Martí,70,el Besòs i el Maresme,86,15966
2022,10,Sant Martí,70,el Besòs i el Maresme,87,15409
2022,10,Sant Martí,70,el Besòs i el Maresme,88,21622
2022,10,Sant Martí,70,el Besòs i el Maresme,89,15552
2022,10,Sant Martí,70,el Besòs i el Maresme,90,18132
2022,10,Sant Martí,70,el Besòs i el Maresme,91,20128
2022,10,Sant Martí,70,el Besòs i el Maresme,92,24100
2022,10,Sant Martí,70,el Besòs i el Maresme,93,25718
2022,10,Sant Martí,71,Provençals del Poblenou,94,27244
2022,10,Sant Martí,71,Provençals del Poblenou,95,22047
2022,10,Sant Martí,71,Provençals del Poblenou,96,28698
2022,10,Sant Martí,71,Provençals del Poblenou,97,29345
2022,10,Sant Martí,71,Provençals del Poblenou,98,27698
2022,10,Sant Martí,71,Provençals del Poblenou,99,18783
2022,10,Sant Martí,71,Provençals del Poblenou,100,21333
2022,10,Sant Martí,71,Provençals del Poblenou,101,22732
2022,10,Sant Martí,71,Provençals del Poblenou,102,21206
2022,10,Sant Martí,71,Provençals del Poblenou,103,23056
2022,10,Sant Martí,71,Provençals del Poblenou,104,26720
2022,10,Sant Martí,72,Sant Martí de Provençals,105,23785
2022,10,Sant Martí,72,Sant Martí de Provençals,106,23210
2022,10,Sant Martí,72,Sant Martí de Provençals,107,28356
2022,10,Sant Martí,72,Sant Martí de Provençals,108,22734
2022,10,Sant Martí,72,Sant Martí de Provençals,109,21592
2022,10,Sant Martí,72,Sant Martí de Provençals,110,20842
2022,10,Sant Martí,72,Sant Martí de Provençals,111,22319
2022,10,Sant Martí,72,Sant Martí de Provençals,112,27450
2022,10,Sant Martí,72,Sant Martí de Provençals,113,22010
2022,10,Sant Martí,72,Sant Martí de Provençals,114,19014
2022,10,Sant Martí,72,Sant Martí de Provençals,115,20346
2022,10,Sant Martí,72,Sant Martí de Provençals,116,19566
2022,10,Sant Martí,72,Sant Martí de Provençals,117,21751
2022,10,Sant Martí,72,Sant Martí de Provençals,118,28403
2022,10,Sant Martí,72,Sant Martí de Provençals,119,19544
2022,10,Sant Martí,72,Sant Martí de Provençals,120,20513
2022,10,Sant Martí,72,Sant Martí de Provençals,121,20430
2022,10,Sant Martí,72,Sant Martí de Provençals,122,25869
2022,10,Sant Martí,73,la Verneda i la Pau,123,22714
2022,10,Sant Martí,73,la Verneda i la Pau,124,24366
2022,10,Sant Martí,73,la Verneda i la Pau,125,21205
2022,10,Sant Martí,73,la Verneda i la Pau,126,23093
2022,10,Sant Martí,73,la Verneda i la Pau,127,24194
2022,10,Sant Martí,73,la Verneda i la Pau,128,24429
2022,10,Sant Martí,73,la Verneda i la Pau,129,24720
2022,10,Sant Martí,73,la Verneda i la Pau,130,22360
2022,10,Sant Martí,73,la Verneda i la Pau,131,27061
2022,10,Sant Martí,73,la Verneda i la Pau,132,20451
2022,10,Sant Martí,73,la Verneda i la Pau,133,19944
2022,10,Sant Martí,73,la Verneda i la Pau,134,19074
2022,10,Sant Martí,73,la Verneda i la Pau,135,20391
2022,10,Sant Martí,73,la Verneda i la Pau,136,20406
2022,10,Sant Martí,73,la Verneda i la Pau,137,18759
2022,10,Sant Martí,73,la Verneda i la Pau,138,16386
2022,10,Sant Martí,73,la Verneda i la Pau,139,17969
2022,10,Sant Martí,73,la Verneda i la Pau,140,18338
2022,10,Sant Martí,73,la Verneda i la Pau,141,18973
2022,10,Sant Martí,73,la Verneda i la Pau,142,17897
2022,10,Sant Martí,73,la Verneda i la Pau,143,19503
2022,10,Sant Martí,65,el Clot,234,24117
2022,10,Sant Martí,69,Diagonal Mar i el Front Marítim del Poblenou,235,20378
2022,10,Sant Martí,69,Diagonal Mar i el Front Marítim del Poblenou,236,21909
2022,10,Sant Martí,71,Provençals del Poblenou,237,19778
